id,timing,target,condition,cond_option,ability,ability_option
1,on_this_summon,self,none,none,set_keyword,keyword=1
2,on_this_summon,self,none,none,set_keyword,keyword=2
3,on_this_summon,self,none,none,set_keyword,keyword=3
4,on_this_summon,self,none,none,set_keyword,keyword=4
5,on_this_summon,self,none,none,set_keyword,keyword=5
6,on_this_summon,self,none,none,set_keyword,keyword=6
22,on_this_summon,self,none,none,set_keyword,keyword=22
25,on_this_summon,self,none,none,set_keyword,keyword=25
29,on_this_summon,self,none,none,set_keyword,keyword=29
36,on_this_summon,self,none,none,set_keyword,keyword=36
37,on_this_summon,self,none,none,set_keyword,keyword=37
39,on_this_summon,self,none,none,set_keyword,keyword=39
40,on_this_summon,self,none,none,set_keyword,keyword=40
41,on_this_summon,self,none,none,set_keyword,keyword=41
43,on_this_summon,self,none,none,set_keyword,keyword=43
801,on_this_evolve,self,none,none,set_keyword,keyword=1
802,on_this_evolve,self,none,none,set_keyword,keyword=2
904,on_this_summon,self,none,none,set_keyword,until=source_evolve&keyword=4
929,on_this_summon,self,none,none,set_keyword,until=source_evolve&keyword=29
----,----,----,----,----,----,----
-1,on_this_use,me_hand_1_index+other,none,none,discard,type=vanish
-2,on_this_use,none,none,me.leader.craft=0,travel,count=2&filter=[zone:me.deck.zone]
-3,on_this_use,none,none,me.leader.craft[NOT]0,travel,count=2&filter=[zone:me.deck.zone][craft:me.leader.craft]
-4,on_this_use,me_hand_1_index+other,none,none,discard,type=vanish
-5,on_this_use,none,none,me.leader.craft=0,travel,count=2&filter=[zone:me.deck.zone][rarity:3|4]
-6,on_this_use,none,none,me.leader.craft[NOT]0,travel,count=2&filter=[zone:me.deck.zone][craft:me.leader.craft][rarity:3|4]
-43,on_before_this_damage,self,none,me.isMyTurn=1,set_damage,set=0
----,----,----,----,----,----,----
1001,on_this_use,me_leader_0_all_[type:0],none,none,heal,heal=2
1002,on_this_use,none,none,none,draw,count=1&filter=[type:3]
1003,on_this_use,me_field_0_all_[type:1|9],none,none,buff,add=1/0
1004,on_turn_start,me_field_0_all_[type:1|9],none,me.isMyTurn=1&effect.source.where=5,buff,add=1/0
1005,on_this_use,me_field_1_index_[type:1|9],none,none,buff,add=2/0
1006,on_this_use,op_leader+field_1_index_[type:0|1|9],none,none,damage,damage=3
1007,on_this_use,op_field_1_index_[type:1|9],none,none,destroy,none
1008,on_this_use,op_leader_0_all_[type:0],none,none,damage,damage=2
1009,on_this_use,all_field_0_all_[type:1|9],none,none,damage,damage=3
1010,on_this_destroy,none,none,none,get_token,id=910011101&count=1
1011,on_this_use,op_field_1_random_[type:1|9],none,none,damage,damage=1
1012,on_this_use,none,leader.combo,me.leader.combo[GTE]2,draw,count=1
1013,on_other_summon,self,none,effect.source.where=5&sourceEffect.target.first.isMe=1&sourceEffect.target.first.current[IF][type:1|9]=1,buff,add=1/0
1014,on_this_use,none,none,none,get_token,id=910011101&count=1
1015,on_this_use,none,none,none,get_token,id=910011101&count=2
1016,on_this_use,me_field_1_index_[type:1|3|9],none,none,return,none
1017,on_this_use,none,none,none,draw,count=1
1018,on_this_use,op_field_1_index_[type:1|9],none,none,damage,damage=2
1019,on_this_use,none,none,none,get_token,id=910011101&count=1
1020,on_this_evolve_with_ep,none,none,none,get_token,appendix=1021&id=910011101&count=2
1021,on_this_evolve_with_ep,sourceEffect.target_hand_0_all,none,none,set_cost,set=0
1022,on_this_use,op_field_1_index_[type:1|9],none,none,damage,damage=me.hand.count
1023,on_this_use,none,none,none,get_token,id=910011101&count=2
1024,on_this_use,me_field_0_all_[type:1|9],leader.combo,me.leader.combo[GTE]2,buff,add=1/1
1025,on_this_use,none,none,none,summon,id=910021101&count=1
1026,on_this_use,none,none,none,summon,id=910021105&count=1
1027,on_this_use,op_field_0_all_[type:1|9],none,none,damage,damage=1
1028,on_this_attack,op_field_0_all_[type:1|9],none,none,damage,damage=1
1029,on_this_use,all_field_1_index_[type:1|9],none,none,buff,until=turn_end&add=1/0
1030,on_this_use,none,none,none,draw,count=1
1031,on_this_use,me_field_1_index_[type:1|9],leader.rally,me.leader.rally<10,buff,add=2/2
1032,on_this_use,me_field_1_index_[type:1|9],leader.rally,me.leader.rally[GTE]10,buff,add=4/4
1033,on_this_use,none,none,none,draw,count=1&filter=[trait:2]
1034,on_this_evolve_with_ep,none,none,none,summon,id=910021104/910021101&count=1/1
1035,on_this_use,op_field_1_index_[type:1|9],none,me.field[keyword:5].count=0,damage,damage=3
1036,on_this_use,op_field_1_index_[type:1|9],none,me.field[keyword:5].count>0,damage,damage=6
1037,on_this_use,op_leader+field_1_index_[type:0|1|9],none,earth[1]=1,damage,earth=1&damage=3
1038,on_this_boost,self,source.boost,effect.source.where[NOT]5,set_cost,add=-1
1039,on_this_use,op_leader+field_1_index_[type:0|1|9],none,none,damage,damage=1
1040,on_this_use,none,none,none,draw,count=1
1041,on_this_use,none,none,none,summon,id=910031102&count=1
1042,on_this_use,op_field_1_index_[type:1|9],source.boost,none,damage,damage=1+effect.source.boost
1043,on_this_boost,self,source.boost,effect.source.where[NOT]5,set_cost,add=-1
1044,on_this_use,op_field_1_index_[type:1|9],none,none,destroy,none
1045,on_this_destroy,none,none,none,draw,count=1
1046,on_this_use,none,none,none,draw,count=1
1047,on_this_boost,self,source.boost,effect.source.where[NOT]5,set_cost,add=-1
1048,on_this_use,none,none,none,summon,id=910031301&count=1
1049,on_this_use,me_hand_1_index+other_[keyword:14],none,none,boost,add=2
1050,on_this_use,none,none,none,draw,count=1
1051,on_this_use,none,none,me.isAwake=1,draw,count=1
1052,on_this_use,self,none,me.isAwake=1,set_keyword,keyword=1
1053,on_this_destroy,op_field_1_random_[type:1|9],none,none,damage,damage=1
1054,on_this_use,none,none,none,summon,id=910041102&count=1
1055,on_this_use,self,none,me.isAwake=1,set_keyword,keyword=1
1056,on_this_use,self,none,me.isAwake=1,set_keyword,keyword=2
1057,on_this_use,op_field_1_index_[type:1|9],none,none,damage,damage=2
1058,on_this_use,all_field_0_all_[type:1|9],none,none,damage,damage=1
1059,on_turn_start,me_leader_0_all_[type:0],none,me.isMyTurn=1&me.isAwake=1&effect.source.where=5,heal,heal=2
1060,on_turn_start,none,none,me.isMyTurn=1&me.isAwake=1&effect.source.where=5,draw,count=1
1061,on_turn_start,self,none,me.isMyTurn=1&me.isAwake=1&effect.source.where=5,destroy,none
1062,on_turn_end,none,none,me.isMyTurn=1&effect.source.where=5,summon,id=910041103&count=1
1063,on_this_use,none,none,none,ramp,add=1
1064,on_this_use,none,none,none,draw,count=2
1065,on_this_use,me_leader_0_all_[type:0],none,none,heal,heal=3
1066,on_this_use,self,none,none,buff,enhance=7&add=2/2
1067,on_this_use,self,none,none,set_keyword,enhance=7&keyword=1
1068,on_this_destroy,none,none,none,set_grave,add=1
1069,on_this_destroy,none,none,none,draw,count=1
1070,on_this_use,me_field_1_index+other_[type:1|9],none,me.field[type:1|9].count>0,destroy,none
1071,on_this_use,none,none,me.field[type:1|9].count>0,draw,count=2
1072,on_this_use,me_hand_1_index+other_[type:1|9],none,me.field.availableCount[GTE]2,bury,appendix=1073
1073,on_this_use,none,none,none,draw,count=1
1074,on_this_destroy,op_leader_0_all_[type:0],none,none,damage,damage=2
1075,on_turn_end,self,none,me.isMyTurn=1,vanish,none
1076,on_this_use,op_field_1_index_[type:1|9],none,none,damage,damage=3
1077,on_this_use,none,none,none,summon,enhance=7&id=910051103&count=3
1078,on_this_use,none,none,none,reanimate,cost=3
1079,on_this_use,none,none,none,reanimate,enhance=8&cost=5
1080,on_this_use,op_field_1_index_[type:1|9],none,none,destroy,none
1081,on_this_use,none,none,necromance[4]=1,summon,necromance=4&id=910051104&count=1
1082,on_this_destroy,none,none,none,summon,id=910051102&count=2
1083,on_this_destroy,none,none,none,summon,id=910051104&count=1
1084,on_this_use,me_field_1_index+other_[type:1|9],none,me.field[type:1|9].count>0,destroy,none
1085,on_this_use,op_field_1_random_[type:1|9],none,me.field[type:1|9].count>0,destroy,none
1086,on_this_use,all_leader_0_all_[type:0],none,none,damage,damage=1
1087,on_this_use,none,none,none,summon,id=910061101&count=1
1088,on_this_destroy,me_leader_0_all_[type:0],none,none,heal,heal=2
1089,on_this_use,self,none,me.isVenge=1,set_keyword,keyword=1
1090,on_this_use,me_leader_0_all_[type:0],none,none,damage,damage=2
1091,on_this_use,none,none,none,draw,count=2
1092,on_this_use,me_leader_0_all_[type:0],none,none,damage,damage=2
1093,on_this_use,op_leader+field_1_index_[type:0|1|9],none,none,damage,damage=3
1094,on_this_use,none,none,none,summon,id=910061101&count=2
1095,on_this_use,me_field_0_all_[id:910061101],none,none,buff,add=1/0
1096,on_this_evolve_with_ep,all_leader_0_all_[type:0],none,none,damage,damage=3
1097,on_this_use,all_leader_0_all_[type:0],none,none,damage,damage=1
1098,on_this_use,op_field_1_index_[type:1|9],none,none,damage,damage=3
1099,on_this_use,me_leader+field_1_index_[type:0|1|9],none,none,heal,heal=2
1100,on_this_use,me_field_1_index_[type:3][keyword:18],none,none,set_countdown,add=-1
1101,on_this_use,me_field_1_index_[type:3][keyword:18],none,none,set_countdown,add=-2
1102,on_this_use,none,none,none,draw,count=1
1103,on_this_use,op_field_1_index_[type:1|9][hp:3|-2],none,none,vanish,none
1104,on_this_use,me_leader+field_1_index_[type:0|1|9],none,none,heal,heal=2
1105,on_this_use,none,none,none,draw,count=1
1106,on_this_use,op_field_1_index_[type:1|9],none,none,vanish,appendix=1107
1107,on_this_use,me_leader_0_all_[type:0],none,none,heal,heal=sourceEffect.target.first.current.hp
1108,on_this_destroy,none,none,none,draw,count=2
1109,on_this_use,none,none,none,draw,count=1&filter=[type:3][keyword:18]
1110,on_this_evolve_with_ep,op_field_1_index_[type:1|9][hp:3|-2],none,none,vanish,none
1111,on_this_destroy,none,none,none,summon,id=910071102/910071104&count=1/1
1112,on_turn_end,self,none,op.isMyTurn=1&effect.source.where=5,destroy,none
1113,on_turn_end,self,none,op.isMyTurn=1&effect.source.where=5,destroy,none
1114,on_this_destroy,none,none,none,draw,count=1
1115,on_this_use,none,none,none,draw,count=1
1116,on_this_destroy,none,none,me.isMyTurn=1,draw,count=1&filter=[trait:4]
1117,on_this_destroy,none,none,op.isMyTurn=1,draw,count=1
1118,on_this_use,none,none,none,add_deck,id=910081103&count=2
1119,on_this_use,self,none,none,buff,enhance=4&add=1/1
1120,on_this_use,none,none,none,get_token,enhance=4&id=910081101&count=1
1121,on_this_use,none,none,none,add_deck,id=910081104&count=2
1122,on_this_use,none,none,none,add_deck,id=910081105&count=2
1123,on_this_use,none,none,none,get_token,id=910081101&count=1
1124,on_this_destroy,none,none,none,get_token,id=910081101&count=1
1125,on_this_use,none,none,none,add_deck,id=910081106&count=2
1126,on_this_use,op_field_1_index_[type:1|9],none,me.isReson=0,damage,damage=3
1127,on_this_use,op_field_1_index_[type:1|9],none,me.isReson=1,damage,damage=5
1128,on_this_use,none,none,me.isReson=1,draw,count=2
1129,on_this_use,none,none,me.isReson=0,draw,count=1
1130,on_this_destroy,none,none,me.isReson=1,draw,count=1
1131,on_this_destroy,none,none,me.isReson=0,draw,count=2
1132,on_this_use,none,none,none,add_deck,id=910081104&count=2
1133,on_this_evolve_with_ep,none,none,none,draw,count=1&filter=[trait:4]
1134,on_this_use,none,none,none,draw,count=1&filter=[trait:4]
1135,on_this_use,none,none,none,add_deck,id=910081103&count=1
1136,on_this_use,me_leader_0_all_[type:0],none,none,add_effect,id=1137&description=自己的回合結束時，抽取1張卡片，並失去此能力。
1137,on_turn_end,none,none,me.isMyTurn=1,draw,autoRemove=true&count=1
1138,on_this_use,none,none,none,summon,enhance=5&id=110101101&count=1
1139,on_this_evolve_with_ep,op_field_1_first+sort[atk:max]_[type:1|9],none,none,destroy,none
1140,on_turn_end,me_leader_0_all_[type:0],none,me.isMyTurn=1&effect.source.where=5,heal,heal=3
1141,on_this_attack,op_leader+field_0_all_[type:0|1|9],none,none,damage,damage=2
1142,on_this_use,all_field_1_index_[type:1|9],none,none,buff,appendix=1143&add=1/0
1143,on_this_use,sourceEffect.target_field_0_all_[type:1|9],none,none,damage,damage=1
1144,on_this_use,op_field_1_random_[type:1|9],none,none,damage,appendix=1145&damage=2
1145,on_this_use,none,none,op.field[type:1|9].count>me.field[type:1|9].count,summon,id=110001101&count=1
1146,on_this_use,none,none,none,draw,count=1
1147,on_turn_start,me_field_1_random_[type:1|9],none,me.isMyTurn=1&effect.source.where=5,buff,add=1/1
1148,on_this_evolve_with_ep,op_field_1_index_[type:1|9],none,none,damage,damage=1
1149,on_this_evolve_with_ep,op_leader_0_all_[type:0],none,me.hand.count>op.hand.count,damage,damage=1
1150,on_this_evolve_with_ep,none,none,me.hand.count<op.hand.count,draw,count=1
1151,on_this_use,me_field_1_index_[type:1|9],none,none,buff,add=1/0
1152,on_this_use,me_hand_1_index+other_[type:1|9],none,none,set_keyword,appendix=1153&keyword=4
1153,on_this_use,sourceEffect.target_hand_0_all_[type:1|9],none,none,add_effect,id=1154&description=[ffbb00]謝幕曲[-] 抽取1張卡片。
1154,on_this_destroy,none,none,none,draw,count=1
1155,on_this_use,me_hand_0_all,none,none,discard,none
1156,on_this_use,none,none,none,summon,id=110102104&count=1
1157,on_this_use,none,none,none,summon,id=110001101&count=2
1158,on_this_use,none,none,none,accelerate,accelerate=3&id=810102201
1159,on_this_use,op_field_1_index_[type:1|9],none,none,damage,damage=6
1160,on_this_use,none,none,none,random,pdf=1/1&effect=1161/1162
1161,on_this_use,none,none,none,draw,count=3
1162,on_this_use,me_field_1_random_[type:1],none,none,evolve,none
1163,on_this_use,op_field_1_index_[type:1|3|9],none,none,destroy,none
1164,on_this_use,me_hand_1_index+other,none,none,discard,appendix=1165&type=vanish
1165,on_this_use,sourceEffect.target_grave_0_all,none,none,add_deck,hide=true
1166,on_this_use,none,none,none,draw,count=1
1167,on_this_destroy,op_field_1_random_[type:1|9],none,none,destroy,none
1168,on_this_use,none,none,none,travel,filter=[zone:1]
1169,on_this_evolve_with_ep,me_hand_1_index+other_[type:1|9][initCost:5|-2],none,none,summon,appendix=1170&where=hand
1170,on_this_evolve_with_ep,sourceEffect.target_field_0_all_[type:1|9],none,none,set_keyword,appendix=1171&keyword=4
1171,on_this_evolve_with_ep,sourceEffect.target_field_0_all_[type:1|9],none,none,add_effect,id=1172&description=自己的回合結束時，使這個從者返回手牌。
1172,on_turn_end,self,none,me.isMyTurn=1,return,none
1173,on_this_use,me_leader_0_all_[type:0],none,effect.source.where=2&me.hand.count>op.hand.count\effect.source.where[NOT]2&me.hand.count+1>op.hand.count,heal,heal=4
1174,on_this_use,none,none,effect.source.where=2&me.hand.count<op.hand.count\effect.source.where[NOT]2&me.hand.count+1<op.hand.count,draw,count=2
1175,on_this_use,op_field_0_all_[type:1|9],none,none,damage,damage=4
1176,on_this_use,me_field_1_index_[type:9],none,none,add_effect,appendix=1177&id=1178&keyword=10&description=[ffbb00]交戰時[-] 回復自己的主戰者1點生命值。抽取1張卡片。
1177,on_this_use,sourceEffect.target_field_0_all_[type:9],none,none,add_effect,id=1179&keyword=10
1178,on_this_defense,me_leader_0_all_[type:0],none,none,heal,heal=1
1179,on_this_defense,none,none,none,draw,count=1
1180,on_this_use,none,none,none,add_deck,id=910103101/910103102&count=2/2
1181,on_this_destroy,op_field_2_random_[type:1|9],none,none,damage,damage=1
1182,on_other_use,self,none,effect.source.where=2&sourceEffect.target.first.isMe=1&sourceEffect.target.first.current[IF][trait:7]=1,set_cost,until=turn_end&set=2
1183,on_this_use,all_leader_0_all_[type:0],none,none,heal,heal=2
1184,on_this_use,none,none,none,draw,count=1
1185,on_this_use,none,none,none,draw,who=op&count=1
1186,on_other_use,self,none,effect.source.where=2&sourceEffect.target.first.isMe=1&sourceEffect.target.first.current[IF][trait:6]=1,set_cost,until=turn_end&set=2
1187,on_this_use,me_hand_1_index+other,none,none,discard,none
1188,on_this_use,self,none,none,set_keyword,keyword=3
1189,on_this_use,self,none,me.field[craft:0].count[GTE]2,set_keyword,keyword=3
1190,on_this_use,self,none,me.field[craft:0].count[GTE]4,evolve,none
1191,on_this_use,self,turn,me.turn%2=1,set_keyword,keyword=25
1192,on_after_this_attack,self,turn,me.turn%2=0&me.isMyTurn=1&effect.source.where=5&sourceEffect.target.op[type:1|9].count>0,add_effect,until=turn_end&id=1498
1193,on_this_use,none,none,none,accelerate,accelerate=4&id=810104201
1194,on_this_use,none,none,none,summon,id=910104301/910104302&count=1/1
1195,on_other_attack,sourceEffect.source_field_1_first_[type:1|9],none,effect.source.where=5&sourceEffect.source.isMe=1,buff,add=2/1
1196,on_other_attack,self,none,effect.source.where=5&sourceEffect.source.isMe=1,destroy,none
1197,on_other_defense,sourceEffect.me_field_1_first_[type:1|9],none,effect.source.where=5,buff,add=1/2
1198,on_other_defense,self,none,effect.source.where=5,destroy,none
1199,on_this_use,none,none,none,summon,id=910104301/910104302&count=1/1
1200,on_this_use,none,none,none,summon,id=910104301&count=1
1201,on_this_use,none,none,none,summon,id=910104302&count=1
1202,on_this_use,op_field_1_index_[type:1|9],none,none,damage,damage=2
1203,on_this_use,none,none,none,draw,count=1&filter=[type:3][trait:3]
1204,on_this_destroy,none,none,none,random,pdf=1/1&effect=1205/1206
1205,on_this_destroy,none,none,none,get_token,id=910131301&count=1
1206,on_this_destroy,none,none,none,get_token,id=910131302&count=1
1207,on_this_boost,self,source.boost,effect.source.where[NOT]5,set_cost,add=-1
1208,on_this_use,none,none,none,draw,count=1
1209,on_other_use,none,none,effect.source.where=5&sourceEffect.target.first.isMe=1&sourceEffect.target.first.current[IF][type:1|9]=1,draw,autoRemove=true&count=1
1210,on_other_use,none,none,effect.source.where=5&sourceEffect.target.first.isMe=1&sourceEffect.target.first.current[IF][type:2]=1,draw,autoRemove=true&count=1
1211,on_other_use,none,none,effect.source.where=5&sourceEffect.target.first.isMe=1&sourceEffect.target.first.current[IF][type:3]=1,draw,autoRemove=true&count=1
1212,on_this_use,me_hand_1_index+other,none,none,reveal,appendix=1213
1213,on_this_use,sourceEffect.target_hand_0_all,none,none,add_effect,id=1214&keyword=7&description=使用這張卡片時，如果自己的戰場上沒有[ffbb00]誠實的魔導士[-]，則會給予敵方的主戰者5點傷害。
1214,on_this_use,op_leader_0_all_[type:0],none,me.field[id:110131105].count=0,damage,damage=5
1215,on_this_use,none,none,earth[1]=1,summon,earth=1&id=910031103&count=1
1216,on_turn_end,none,none,me.isMyTurn=1&effect.source.where=5,summon,id=910031103&count=1
1217,on_this_use,none,none,none,draw,count=1
1218,on_this_use,me_field_1_index,none,none,transform,id=910031102
1219,on_this_use,none,none,none,summon,id=910031102&count=1
1220,on_this_use,none,none,none,draw,count=1
1221,on_this_use,op_field_1_random_[type:1|9],none,earth[1]=1,damage,earth=1&damage=3
1222,on_this_use,me_deck_0_all_[keyword:14],none,none,boost,add=1
1223,on_this_use,op_field_0_all_[type:1|9],none,me.deck.count>20,damage,damage=3&giveType=takeTurn
1224,on_this_use,op_field_0_all_[type:1|9],none,me.deck.count[LTE]20,damage,damage=7&giveType=takeTurn
1225,on_this_use,all_field_0_all_[type:1|9],none,none,damage,repeat=me.field[type:1|9].count+op.field[type:1|9].count&damage=1
1226,on_this_use,op_field_1_random_[type:9],none,none,damage,damage=2
1227,on_this_use,op_field_1_index_[type:1|9],none,none,damage,damage=3
1228,on_this_use,none,none,none,get_token,id=910131202&count=1
1229,on_this_use,op_field_1_index_[type:1|9],none,none,damage,damage=2
1230,on_this_boost,self,source.boost,effect.source.where[NOT]5,set_cost,add=-1
1231,on_this_use,me_leader_0_all_[type:0],none,none,heal,heal=2
1232,on_this_use,none,none,none,draw,count=1
1233,on_this_use,none,none,me.leader.combo=0,draw,count=1
1234,on_this_use,op_leader+field_1_index_[type:0|1|9],none,none,damage,damage=3
1235,on_this_use,me_field_1_index_[type:1|9],none,none,buff,add=1/1
1236,on_this_use,op_field_0_all_[type:1|9],source.boost,effect.source.boost<7,damage,damage=2
1237,on_this_use,none,source.boost,effect.source.boost<7,get_token,id=910031202&count=1
1238,on_this_use,op_field_0_all_[type:1|9],source.boost,effect.source.boost[GTE]7,damage,damage=4
1239,on_this_use,none,source.boost,effect.source.boost[GTE]7,get_token,id=910031202&count=2
1240,on_this_boost,self,source.boost,effect.source.where[NOT]5,set_cost,add=-1
1241,on_this_use,op_field_1_index_[type:1|9],none,none,set_keyword,appendix=1242&until=op_turn_end&keyword=29
1242,on_this_use,sourceEffect.target_field_0_all_[type:1|9],none,none,add_effect,id=1243&description=自己的回合結束時，給予這個從者1點傷害。
1243,on_turn_end,self,none,me.isMyTurn=1&effect.source.where=5,damage,damage=1
1244,on_this_destroy,none,none,me.deck.count[LTE]20,draw,count=2
1245,on_this_destroy,me_field_1_random_[type:1|9],none,me.deck.count>20,buff,add=1/1
1246,on_this_destroy,me_field_1_random_[type:1|9],none,me.deck.count[LTE]20,buff,add=2/2
1247,on_this_use,none,none,none,draw,count=1&filter=[keyword:14]
1248,on_this_use,op_field_1_index_[type:1|9],none,earth[1]=1,damage,earth=1&damage=3
1249,on_this_use,sourceEffect.target_hand_0_all,none,none,set_cost,until=turn_end&add=-2
1250,on_leave_field,op_field_1_random_[type:1|9],none,effect.source.where=5&sourceEffect.target.first.isMe=1&sourceEffect.target.first.current[IF][type:3]=1,damage,damage=1
1251,on_before_this_damage,self,none,none,set_damage,add=-1
1252,on_this_use,self,none,earth[1]=1,set_keyword,earth=1&keyword=2
1253,on_this_boost,self,source.boost,effect.source.where[NOT]5,set_cost,add=-1
1254,on_other_use,self,none,me.isMyTurn=1&effect.source.where=5&sourceEffect.target.first.isMe=1&sourceEffect.target.first.current[IF][trait:8]=1,evolve,none
1255,on_this_destroy,me_hand_0_all_[keyword:14],none,none,boost,add=1
1256,on_this_destroy,none,none,none,summon,id=110031301&count=1
1257,on_this_evolve_with_ep,op_field_1_index_[type:1|9],none,earth[1]=1,transform,earth=1&id=910031101
1258,on_this_boost,self,source.boost,effect.source.where[NOT]5,set_cost,add=-1
1259,on_this_evolve_with_ep,me_field_0_all+other_[type:1|9],none,none,buff,add=1/1
1260,on_this_use,me_field_1_random_[type:1|9],none,none,add_effect,id=1261&keyword=8&description=[ffbb00]謝幕曲[-] 召喚1個[ffbb00]土之魔片[-]到戰場上。
1261,on_this_destroy,none,none,none,summon,id=910031301&count=1
1262,on_this_use,me_field_1_random_[type:3][trait:3],none,none,add_effect,id=1263&keyword=8&description=[ffbb00]謝幕曲[-] 召喚1個[ffbb00]泥塵巨像[-]到戰場上。
1263,on_this_destroy,none,none,none,summon,id=910031102&count=1
1264,on_this_use,me_hand_0_all_[type:1|9][keyword:14],none,none,boost,add=1
1265,on_this_use,none,none,me.hand[type:1|9][keyword:14].count[GTE]3,draw,count=1
1266,on_this_use,me_hand_0_all,none,none,reveal,appendix=1267
1267,on_this_use,sourceEffect.target_hand_0_all,none,none,discard,appendix=1268&type=vanish
1268,on_this_use,sourceEffect.target_grave_0_all,none,none,add_deck,appendix=1269
1269,on_this_use,none,none,none,draw,count=sourceEffect.target.all.count
1270,on_this_use,op_field_1_index_[type:1|9],none,none,damage,damage=2
1271,on_this_use,none,source.boost,effect.source.boost[GTE]5,get_token,id=910031201&count=1
1272,on_this_use,none,none,none,draw,count=1&filter=[type:1|9]
1273,on_this_use,none,none,none,draw,count=1&filter=[type:2]
1274,on_this_use,none,none,none,summon,id=910031104/910031102/910031103&count=1/1/1
1275,on_this_use,op_field_0_all_[type:1|9],none,earth[2]=1,damage,earth=2&damage=3
1276,on_this_use,op_field_0_all_[type:1|9],none,none,damage,damage=5
1277,on_this_use,me_leader_0_all_[type:0],none,none,heal,heal=5
1278,on_this_use,none,none,none,summon,id=910031301&count=1
1279,on_this_evolve_with_ep,none,none,earth[1]=1,summon,earth=1&id=910031103&count=1
1280,on_this_evolve_with_ep,me_field_0_all+other_[type:1|9],none,earth[2]=1,buff,earth=1&add=1/1
1281,on_this_use,none,none,none,draw,count=1
1282,on_this_use,none,none,earth[1]=1,draw,earth=1&count=1
1283,on_this_use,self,source.boost,effect.source.boost[GTE]10,remove_effect,timing=on_this_destroy
1284,on_this_evolve_with_ep,op_field_1_index_[type:1|9],none,none,damage,damage=2
1285,on_this_evolve_with_ep,me_hand_0_all_[keyword:14],none,none,boost,add=2
1286,on_this_use,none,none,me.field[id:910133301].count=0,summon,id=910133301&count=1
1287,on_this_use,none,none,earth[1]=1,summon,earth=1&id=910031103&count=1
1288,on_summon,sourceEffect.target_field_0_all_[type:1],none,effect.source.where=5&sourceEffect.target.first.isMe=1&sourceEffect.target.first.current[IF][id:910031103][type:1]=1,evolve,none
1289,on_turn_end,none,none,me.isMyTurn=1,summon,id=910031103&count=1
1290,on_this_boost,self,source.boost,effect.source.where[NOT]5,set_cost,add=-1
1291,on_this_use,none,none,none,summon,id=910133101&count=1
1292,on_this_use,me_leader_0_all_[type:0],none,none,heal,heal=2
1293,on_this_use,none,none,none,draw,count=1
1294,on_this_use,none,none,none,draw,who=op&count=1
1295,on_this_use,none,none,none,draw,count=1
1296,on_this_use,none,none,earth[1]=1,summon,appendix=1312&earth=1&id=910031102&count=1
1297,on_this_use,none,none,earth[2]=1,summon,appendix=1313&earth=1&id=910031102&count=1
1298,on_this_use,none,none,earth[3]=1,summon,appendix=1314&earth=1&id=910031102&count=1
1299,on_this_use,none,none,earth[4]=1,summon,appendix=1315&earth=1&id=910031102&count=1
1300,on_this_use,none,none,earth[5]=1,summon,appendix=1966&earth=1&id=910031102&count=1
1301,on_this_use,all_field_1_index_[type:1|9][hp:4|-2],none,none,vanish,none
1302,on_this_use,none,none,none,summon,id=910031102&count=1
1303,on_this_destroy,none,none,none,summon,id=910031104&count=1
1304,on_this_use,none,none,none,summon,id=910031301&count=2
1305,on_this_destroy,none,none,none,draw,count=1
1306,on_this_evolve_with_ep,me_field_1_index+other_[type:1],none,earth[1]=1&me.field[type:1].count>0,evolve,earth=1
1307,on_this_use,me_hand_1_index+other_[keyword:14],none,none,reveal,appendix=1308
1308,on_this_use,sourceEffect.target_hand_0_all,none,none,add_effect,id=1309&description=自己的回合開始時，使這張卡片發動6次[ffbb00]魔力增幅[-]，並失去此能力。
1309,on_turn_start,self,none,me.isMyTurn=1,boost,autoRemove=true&add=6
1310,on_this_use,me_leader_0_all_[type:0],source.boost,effect.source.boost[GTE]6,set_pp,add=3
1311,on_this_use,op_field_1_random_[type:1|9],source.boost,none,damage,repeat=1+effect.source.boost&damage=2
1312,on_this_use,sourceEffect.target_field_0_all_[type:1|9],none,none,set_keyword,keyword=4
1313,on_this_use,sourceEffect.target_field_0_all_[type:1|9],none,none,set_keyword,keyword=2
1314,on_this_use,sourceEffect.target_field_0_all_[type:1|9],none,none,set_keyword,keyword=1
1315,on_this_use,sourceEffect.target_field_0_all_[type:1|9],none,none,set_keyword,keyword=3
1316,on_this_use,me_field_0_all_[type:1|9][id:910031102],none,none,buff,add=1/0
1317,on_this_use,none,none,me.isGreedy=1,draw,count=1
1318,on_this_use,self,none,me.isGreedy=1,buff,add=1/0
1319,on_this_use,none,none,none,draw,who=op&count=1
1320,on_this_destroy,none,none,none,draw,count=1
1321,on_this_attack,all_leader_0_all_[type:0],none,none,damage,damage=1
1322,on_this_use,me_leader_0_all_[type:0],none,me.isVenge=0,damage,damage=2
1323,on_this_use,self,none,me.isVenge=0,damage,damage=2
1324,on_this_use,self,leader.turn_give_op_leader_damage,me.isChase=1,buff,add=0/1
1325,on_this_use,me_leader+field_1_index_[type:0|1|9],none,none,damage,damage=3
1326,on_this_use,none,leader.turn_give_op_leader_damage,me.isChase=1,draw,count=1
1327,on_this_use,me_leader_0_all_[type:0],none,none,damage,damage=4
1328,on_this_use,me_leader_0_all_[type:0],none,none,damage,damage=2
1329,on_this_use,me_field_1_index_[type:1|9],none,me.field[type:1|9].count>0,damage,damage=3
1330,on_this_use,me_leader_0_all_[type:0],none,none,damage,damage=4
1331,on_this_use,me_hand_2_random,none,none,discard,none
1332,on_this_use,self,leader.turn_draw_cards,me.isEager=1,evolve,none
1333,on_this_attack,me_leader_0_all_[type:0],none,none,damage,damage=2
1334,on_this_attack,op_field_1_random_[type:1|9],none,none,damage,damage=5
1335,on_this_use,none,none,none,get_token,id=110162203&count=1
1336,on_this_use,me_leader_0_all_[type:0],none,me.isVenge=0,damage,damage=2
1337,on_this_destroy,me_hand_6_random,none,none,discard,none
1338,on_this_use,me_field_1_index_[type:1|9],none,me.field[type:1|9].count>0,damage,damage=6
1339,on_this_use,me_leader_0_all_[type:0],none,me.field[type:1|9].count=0,damage,damage=6
1340,on_this_use,all_leader_0_all_[type:0],none,none,damage,damage=1
1341,on_this_use,none,leader.turn_give_op_leader_damage,me.isChase=1,summon,id=910061101&count=1
1342,on_this_use,me_field_1_random_[type:1|9],none,none,damage,damage=3
1343,on_this_use,op_field_1_random_[type:1|9],none,none,damage,damage=3
1344,on_this_use,me_field_1_index_[type:1|9],none,none,damage,appendix=1345&damage=3
1345,on_this_use,me_field_1_random_[type:1|9],none,none,buff,until=turn_end&add=3/0
1346,on_turn_end,self,leader.turn_give_op_leader_damage,me.isMyTurn=1&effect.source.where=2&me.isChase=1,set_cost,add=-1
1347,on_this_use,none,none,none,summon,appendix=1348&id=910061101&count=1
1348,on_this_use,sourceEffect.target_field_0_all_[type:1|9],none,none,set_keyword,keyword=1
1349,on_this_use,none,none,none,draw,count=1
1350,on_turn_start,me_leader_0_all_[type:0],none,me.isMyTurn=1&effect.source.where=5,heal,heal=1
1351,on_this_use,self,none,me.isGreedy=1,set_countdown,add=1
1352,on_this_destroy,none,none,none,draw,count=1
1353,on_turn_end,self,none,effect.source.where=5&me.isVenge=1,remove_effect,timing=all
1354,on_turn_end,self,none,effect.source.where=5&me.isVenge=1,remove_effect,timing=all
1355,on_this_use,self,none,me.field[id:910061101].count>0,set_keyword,keyword=1
1356,on_this_use,none,leader.turn_give_op_leader_damage,me.isChase=1,get_token,id=110061203&count=1
1357,on_this_use,none,none,none,draw,count=1&filter=[craft:6][type:1|9]
1358,on_this_use,self,leader.turn_give_op_leader_damage,me.isChase=1,set_value,id=effect.target.all.base.evolveCost&value=0
1359,on_this_evolve_with_ep,me_leader_0_all_[type:0],none,none,damage,damage=2
1360,on_this_evolve_with_ep,op_field_1_index_[type:1|9],none,none,damage,damage=2
1361,on_this_use,self,none,me.isVenge=1,buff,add=1/0
1362,on_this_use,self,none,me.isVenge=1,set_keyword,keyword=6
1363,on_this_use,me_leader_0_all_[type:0],none,none,damage,damage=3
1364,on_this_use,none,leader.abuse,me.leader.abuse[GTE]10,get_token,appendix=1365&id=110102202&count=1
1365,on_this_use,sourceEffect.target_hand_0_all,none,none,set_cost,set=0
1366,on_this_use,me_hand_4_index+other,none,me.isGreedy=1,discard,none
1367,on_this_use,self,none,me.isGreedy=1,buff,add=4/4
1368,on_this_use,op_field_1_index_[type:1|9],leader.turn_give_op_leader_damage,me.isChase=1,destroy,none
1369,on_this_use,op_field_1_index_[type:1|9][atk:5|-2],none,none,vanish,none
1370,on_this_use,none,none,none,draw,who=op&count=2
1371,on_this_attack,none,none,none,draw,who=op&count=2
1372,on_after_this_attack,self,none,me.isMyTurn=1&effect.source.where=5&sourceEffect.target.op[type:1|9].count>0,add_effect,until=turn_end&id=1496
1373,on_this_use,none,none,none,summon,id=910061101&count=1
1374,on_this_use,me_token_1_index,leader.turn_draw_cards,me.isEager=1,choose,appendix=1375&token=910162201/910162202
1375,on_this_use,sourceEffect.target_none_0_all,none,none,get_token,hide=true
1376,on_this_use,me_field_1_index_[type:1|9][craft:6],none,none,set_keyword,until=op_turn_end&keyword=5
1377,on_this_use,none,none,none,draw,count=1
1378,on_this_use,none,none,none,draw,appendix=1379&count=3
1379,on_this_use,sourceEffect.target_hand_0_all,none,none,set_cost,until=op_turn_end&add=3
1380,on_this_use,me_field_1_index_[type:1|9],none,me.isVenge=0,damage,appendix=1381&damage=3
1381,on_this_use,me_leader+field_0_all+other[sourceEffect.target]_[type:0|1|9],none,none,heal,heal=3
1382,on_this_use,me_hand_1_index+other,none,none,discard,none
1383,on_this_use,all_field_2_random_[type:1|9],none,none,damage,damage=3
1384,on_this_use,me_leader_0_all_[type:0],none,me.isGreedy=1,heal,heal=4
1385,on_this_use,me_field_0_all_[id:910061101],none,none,buff,add=2/1
1386,on_this_use,none,none,none,accelerate,accelerate=3&id=810162201
1387,on_this_use,self,none,me.isVenge=0,damage,damage=2
1388,on_this_use,none,none,none,summon,id=910061101&count=2
1389,on_other_use,all_leader_0_all_[type:0],none,effect.source.where=5&sourceEffect.target.first.isMe=1&sourceEffect.target.first.current[IF][type:2]=1,damage,damage=1
1390,on_this_use,none,none,none,draw,count=2
1391,on_this_use,none,none,none,draw,who=op&count=2
1392,on_this_use,none,none,none,summon,appendix=1393&id=910061101&count=2
1393,on_this_use,sourceEffect.target_field_0_all_[type:1|9],none,none,set_keyword,keyword=1
1394,on_this_use,none,leader.turn_give_op_leader_damage,me.isChase=1,summon,appendix=1395&id=910061101&count=2
1395,on_this_use,sourceEffect.target_field_0_all_[type:1|9],none,none,set_keyword,keyword=1
1396,on_destroy,self,none,effect.source.where=5&sourceEffect.target.first.current[IF][type:1|9]=1,buff,add=2/0
1397,on_turn_end,self,leader.turn_give_op_leader_damage,me.isMyTurn=1&effect.source.where=2&me.isChase=1,set_cost,add=-1
1398,on_this_use,none,none,none,draw,count=2
1399,on_this_use,op_leader+field_0_all_[type:0|1|9],leader.turn_give_op_leader_damage,me.isChase=0,damage,damage=1
1400,on_this_use,none,leader.turn_give_op_leader_damage,me.isChase=1,get_token,id=910163101&count=1
1401,on_turn_end,none,none,me.isMyTurn=1&effect.source.where=5&me.isVenge=1,get_token,id=110162203&count=1
1402,on_turn_end,none,leader.turn_draw_cards,me.isMyTurn=1&effect.source.where=5&me.isGreedy=1\me.isMyTurn=1&effect.source.where=5&me.isEager=1,draw,count=1
1403,on_turn_end,none,none,me.isMyTurn=1&effect.source.where=5&me.isGreedy=1,draw,count=2
1404,on_turn_end,self,none,me.isMyTurn=1&effect.source.where=5&me.isGreedy=0,vanish,none
1405,on_this_use,none,leader.turn_draw_cards,me.isEager=1\me.isGreedy=1,draw,count=2
1406,on_this_use,none,none,none,get_token,id=110161201&count=2
1407,on_this_use,me_leader_0_all_[type:0],none,none,damage,damage=3
1408,on_this_use,self,none,me.isVenge=0,damage,damage=3
1409,on_this_use,op_field_1_index_[type:1|9],none,none,damage,damage=3
1410,on_this_destroy,op_leader_0_all_[type:0],none,me.isVenge=1,damage,damage=3
1411,on_this_use,none,none,none,accelerate,accelerate=3&id=810163201
1412,on_turn_end,self,none,me.isMyTurn=1&effect.source.where=5,buff,until=op_turn_end&add=1/0
1413,on_other_evolve,me_leader_0_all_[type:0],none,effect.source.where=5,heal,heal=1
1414,on_this_defense,me_field_1_random_[type:3][keyword:18],none,effect.source.where=5,set_countdown,add=-1
1415,on_turn_end,self,none,me.isMyTurn=1&effect.source.where=5&me.field[type:3].count>0,buff,add=1/0
1416,on_this_destroy,none,none,none,summon,id=110171301&count=1
1417,on_this_use,self,none,effect.source.where=2&me.hand.count<op.hand.count\effect.source.where[NOT]2&me.hand.count+1<op.hand.count,set_keyword,keyword=2
1418,on_this_use,me_hand_1_index+other,none,effect.source.where=2&me.hand.count>op.hand.count\effect.source.where[NOT]2&me.hand.count+1>op.hand.count,discard,appendix=1419&type=vanish
1419,on_this_use,op_field_1_random_[type:1|9],none,none,damage,damage=2
1420,on_turn_end,self,none,me.isMyTurn=1&effect.source.where=5,buff,until=op_turn_end&add=2/0
1421,on_this_destroy,none,none,none,get_token,id=110071203&count=1
1422,on_this_use,op_field_1_random_[type:1|9],none,none,damage,damage=3
1423,on_this_use,self,none,op.field[type:9].count>0,set_keyword,keyword=4
1424,on_this_use,self,none,op.field[type:9].count>0,set_keyword,keyword=2
1425,on_this_use,op_field_1_index_[type:1|9],none,none,damage,damage=2
1426,on_this_use,me_field_1_index_[type:3][keyword:18],none,none,set_countdown,add=-1
1427,on_this_use,none,none,none,draw,count=2
1428,on_this_use,me_hand_1_index+other,none,effect.source.where=2&me.hand.count>op.hand.count\effect.source.where[NOT]2&me.hand.count+1>op.hand.count,discard,appendix=1429&type=vanish
1429,on_this_use,me_leader_0_all_[type:0],none,none,heal,heal=2
1430,on_this_destroy,none,none,none,summon,id=910071104&count=1
1431,on_this_destroy,none,none,none,summon,id=910071108&count=1
1432,on_this_use,none,none,none,draw,count=1
1433,on_this_destroy,op_field_1_random_[type:1|9],none,none,destroy,none
1434,on_this_destroy,none,none,none,summon,id=910071105&count=1
1435,on_other_attack,sourceEffect.me_field_1_first_[type:1|9],none,effect.source.where=5&sourceEffect.source.isMe=1&sourceEffect.source.current[IF][type:1|9][keyword:1|4]=1,buff,add=1/1
1436,on_turn_start,me_leader_0_all_[type:0],none,me.isMyTurn=1&effect.source.where=5,heal,heal=2
1437,on_this_destroy,none,none,effect.source.action.isAttackFinished=0,get_token,id=110071203&count=1
1438,on_this_use,self,none,me.field[type:3].count[GTE]2,set_keyword,keyword=2
1439,on_this_use,self,none,none,buff,enhance=6&add=2/4
1440,on_before_this_damage,self,none,op.isMyTurn=1,set_damage,add=-1
1441,on_this_use,none,none,effect.source.where=2&me.hand.count<op.hand.count\effect.source.where[NOT]2&me.hand.count+1<op.hand.count,summon,id=110071301&count=1
1442,on_this_use,me_hand_1_index+other,none,effect.source.where=2&me.hand.count>op.hand.count\effect.source.where[NOT]2&me.hand.count+1>op.hand.count,discard,appendix=1443&type=vanish
1443,on_this_use,none,none,none,summon,id=110172104&count=1
1444,on_this_use,self,source.boost,effect.source.boost[GTE]6,evolve,none
1445,on_this_use,none,none,none,summon,id=910172302&count=2
1446,on_turn_end,op_field_1_random_[type:1|9],none,me.isMyTurn=1&effect.source.where=5,damage,appendix=1447&damage=2
1447,on_turn_end,sourceEffect.target_field_0_all_[type:1|9],none,none,set_keyword,until=op_turn_end&keyword=29
1448,on_this_use,none,none,none,accelerate,accelerate=2&id=810172201
1449,on_this_destroy,none,none,none,summon,id=910172301&count=1
1450,on_other_attack,sourceEffect.op_field_1_first_[type:1|9],none,effect.source.where=5&sourceEffect.source.isOp=1&sourceEffect.source.current[IF][type:1|9]=1&sourceEffect.target.isMe=1&sourceEffect.target.first.current[IF][type:0]=1,damage,damage=1
1451,on_this_use,none,none,none,summon,id=910172301&count=1
1452,on_this_use,me_field_1_index_[type:1|9],none,none,heal,heal=2
1453,on_this_use,none,none,me.field[type:3].count>0,draw,count=1
1454,on_this_use,op_field_0_all_[type:1|9],none,none,damage,damage=1
1455,on_this_use,me_field_0_all_[type:3][keyword:18],none,none,set_countdown,add=-1
1456,on_this_use,me_field_1_index_[type:3],none,none,index,appendix=1457
1457,on_this_use,all_field_0_all_[type:1|9],none,none,damage,damage=sourceEffect.target.first.current.initCost
1458,on_turn_end,me_leader_0_all_[type:0],none,me.isMyTurn=1&effect.source.where=5&me.field[type:3].count-me.field[id:110172301].count>0,heal,heal=1
1459,on_this_destroy,op_field_0_all_[type:1|9][hp:2|-2],none,none,vanish,none
1460,on_this_use,none,none,none,summon,id=910071106&count=1
1461,on_this_destroy,none,none,none,summon,id=910071106&count=1
1462,on_this_evolve_with_ep,op_field_1_index_[type:1|9],none,none,damage,damage=me.field[type:3].count
1463,on_heal,none,none,me.isMyTurn=1&effect.source.where=5&sourceEffect.target.me[type:0].count>0,summon,id=910071101&count=1
1464,on_this_evolve_with_ep,me_leader_0_all_[type:0],none,none,heal,heal=3
1465,on_other_evolve,sourceEffect.target_field_1_first_[type:9],none,effect.source.where=5&sourceEffect.target.first.isOp=1,damage,damage=3
1466,on_this_use,self,none,me.field[type:3].count>0,set_keyword,keyword=5
1467,on_this_evolve_with_ep,none,none,none,summon,id=910172101&count=1
1468,on_this_use,me_field_1_index_[type:3][keyword:18],none,none,set_countdown,add=-3
1469,on_this_use,none,none,effect.source.where=2&me.hand.count<op.hand.count\effect.source.where[NOT]2&me.hand.count+1<op.hand.count,draw,count=3
1470,on_this_use,me_hand_1_index+other,none,effect.source.where=2&me.hand.count>op.hand.count\effect.source.where[NOT]2&me.hand.count+1>op.hand.count,discard,appendix=1471&type=vanish
1471,on_this_use,none,none,none,summon,id=910071103&count=1
1472,on_other_summon,sourceEffect.target_field_1_first_[type:1|9],none,effect.source.where=5&sourceEffect.target.first.isMe=1&sourceEffect.target.first.current[IF][type:1|9]=1,buff,add=2/2
1473,on_other_summon,sourceEffect.target_field_1_first_[type:1|9],none,effect.source.where=5&sourceEffect.target.first.isMe=1&sourceEffect.target.first.current[IF][type:1|9]=1,set_keyword,keyword=2
1474,on_this_destroy,none,none,none,summon,id=910173301&count=1
1475,on_this_use,all_field_0_all_[type:1|9],none,none,destroy,none
1476,on_this_use,self,none,me.field[type:1|9].count=0,set_countdown,add=-1
1477,on_this_destroy,none,none,none,summon,appendix=1478&id=910071107&count=1
1478,on_this_destroy,sourceEffect.target_field_0_all_[type:1|9],none,none,set_keyword,keyword=2
1479,on_heal,self,none,effect.source.where=5&sourceEffect.target.me[type:0].count>0,set_countdown,add=-1
1480,on_this_destroy,none,none,none,summon,id=910173101&count=1
1481,on_this_destroy,none,none,none,summon,id=110173302&count=1
1482,on_this_use,none,none,effect.source.where=2&me.hand.count<op.hand.count\effect.source.where[NOT]2&me.hand.count+1<op.hand.count,get_token,id=910174201&count=1
1483,on_this_use,none,none,effect.source.where=2&me.hand.count>op.hand.count\effect.source.where[NOT]2&me.hand.count+1>op.hand.count,get_token,id=910174202&count=1
1484,on_this_use,none,none,none,draw,count=2
1485,on_this_use,me_leader_0_all_[type:0],none,none,heal,heal=2
1486,on_this_use,me_hand_1_index+other,none,none,discard,type=vanish
1487,on_this_use,op_field_1_index_[type:1|9],none,none,vanish,none
1488,on_destroy,me_leader_0_all_[type:0],none,effect.source.where=5&sourceEffect.target.first.isMe=1&sourceEffect.target.first.current[IF][type:1|9]=1,heal,heal=1
1489,on_this_use,none,none,none,summon,id=910174101/910174102&count=1/1
1490,on_this_evolve_with_ep,me_token_1_index,none,none,choose,appendix=1491&token=910174101/910174102
1491,on_this_evolve_with_ep,sourceEffect.target_none_0_all,none,none,summon,where=target
1492,on_this_destroy,none,none,none,summon,id=910174103&count=1
1493,on_this_destroy,none,none,none,summon,id=110174301&count=1
1494,on_this_destroy,sourceEffect.target_field_0_all_[type:3][keyword:18],none,none,set_countdown,add=-1
1495,on_turn_end,self,none,me.isMyTurn=1&effect.source.where=5,heal,heal=2
1496,resident,self,none,none,set_value,id=effect.target.me[type:1|9].first.action.maxAttackChance&value=2
1497,on_this_use,all_field_1_index_[type:1|9],none,me.isVenge=1,damage,appendix=1381&damage=3
1498,resident,self,none,none,set_value,id=effect.target.me[type:1|9].first.action.maxAttackChance&value=2
1499,on_turn_end,self,none,me.isMyTurn=1,vanish,none
1500,on_this_destroy,none,none,none,get_token,id=910184101&count=1
1501,on_turn_end,self,none,effect.source.where=5&me.isMyTurn=1&me.isReson=1,buff,add=1/0
1502,on_this_destroy,op_leader_0_all_[type:0],none,none,damage,damage=effect.source.current.atk
1503,on_this_use,self,none,me.isReson=1,set_keyword,keyword=6
1504,on_this_use,me_hand_1_index+other_[type:1|9][trait:4],none,me.hand[type:1|9][trait:4].count>0,draw,count=1&filter=[id:effect.target.first.base.id]
1505,on_this_destroy,none,none,none,summon,field=op&id=110181105&count=1
1506,on_this_destroy,none,none,none,summon,id=110181105&count=1
1507,on_this_use,me_hand_1_index+other_[type:1|9][initCost:3|-2][excludeId:110181106],none,none,get_token,hide=true&id=effect.target.first.base.id&count=1
1508,on_this_use,op_leader_0_all_[type:0],none,me.isReson=1,damage,damage=2
1509,on_this_use,self,none,none,buff,enhance=8&add=2/2
1510,on_this_use,op_leader+field_0_all_[type:0|1|9],none,me.isReson=1,damage,enhance=8&damage=2
1511,on_this_use,me_field_1_index_[type:1|9],none,none,add_deck,id=effect.target.first.base.id&count=3
1512,on_this_attack,self,none,me.isReson=1&sourceEffect.target.op[type:1|9].count>0,add_effect,id=1513&description=下一次受到的傷害轉變為0。
1513,on_before_this_damage,self,none,none,set_damage,autoRemove=true&set=0
1514,on_this_use,none,none,none,draw,appendix=1515&count=1&filter=[type:1|9]
1515,on_this_use,sourceEffect.target_hand_0_all_[type:1|9][trait:4],none,none,summon,where=hand
1516,on_turn_start,none,none,me.isMyTurn=1&effect.source.where=5,draw,appendix=1705&count=1
1517,on_this_use,all_field_1_index_[type:1|9],none,none,add_effect,id=1518&description=自己的回合開始時，抽取1張卡片。隨後，使這個從者失去所有能力。
1518,on_turn_start,none,none,me.isMyTurn=1&effect.source.where=5,draw,appendix=1704&count=1
1519,on_this_destroy,none,none,none,summon,id=910081104&count=2
1520,on_this_use,me_hand_1_index+other_[id:910081101],none,none,add_effect,id=1521&keyword=7/19&description=[ffbb00]入場曲[-] 如果[ffbb00]共鳴[-]狀態未發動，則會抽取1張卡片
1521,on_this_use,none,none,me.isReson=0,draw,count=1
1522,on_this_use,me_field_1_index_[type:1|9][trait:4],none,none,damage,damage=3
1523,on_this_use,op_field_1_random_[type:1|9],none,none,damage,damage=3
1524,on_this_use,me_field_1_index_[type:1|9][trait:4],none,none,get_token,appendix=1525&id=effect.target.first.base.id&count=1
1525,on_this_use,sourceEffect.target_hand_0_all_[type:1|9][trait:4],none,none,add_deck,appendix=1526
1526,on_this_use,none,none,none,summon,enhance=6&id=sourceEffect.target.first.base.id&count=1
1527,on_this_use,none,none,none,draw,count=2&filter=[type:1|9][trait:4]
1528,on_this_use,me_deck_1_random_[type:1|9][trait:4][cost:5|-2],none,none,summon,where=deck
1529,on_this_evolve_with_ep,me_field_1_index+other_[type:1|9],none,me.field[type:1|9].count>1,set_value,appendix=1530&id=effect.source.option[tmpAtk]&value=effect.target.first.current.atk
1530,on_this_evolve_with_ep,sourceEffect.field_0_all_[type:1|9],none,none,set_value,appendix=1531&id=effect.source.option[tmpHp]&value=sourceEffect.target.first.current.hp
1531,on_this_evolve_with_ep,none,none,none,get_token,appendix=1532&id=910081101&count=1
1532,on_this_evolve_with_ep,sourceEffect.target_hand_0_all,none,none,set_buff,atk=effect.source.option[tmpAtk]&hp=effect.source.option[tmpHp]
1533,on_this_use,self,none,me.hand[id:910081101].count=0,add_effect,id=1534&keyword=8&description=[ffbb00]謝幕曲[-] 增加1張[ffbb00]懸絲傀儡[-]到手牌中
1534,on_this_destroy,none,none,none,get_token,id=910081101&count=1
1535,on_this_use,self,none,me.hand[id:910081101].count>0,set_keyword,keyword=2
1536,on_this_destroy,none,none,me.hand.count[GTE]4,get_token,id=910081101&count=1
1537,on_this_destroy,none,none,me.hand.count[LTE]3,get_token,id=910081101/110182103&count=1/1
1538,on_this_use,me_hand_1_index+other_[type:1|9],none,none,add_effect,id=1539&keyword=8&description=[ffbb00]謝幕曲[-] 增加1張[ffbb00]懸絲傀儡[-]到手牌中
1539,on_this_destroy,none,none,none,get_token,id=910081101&count=1
1540,on_this_evolve_with_ep,all_field_0_all+other_[type:1|9],none,none,remove_effect,timing=all
1541,on_this_destroy,none,none,none,add_deck,position=top&id=910081106&count=1
1542,on_this_use,none,none,none,add_deck,id=910182101&count=1
1543,on_this_destroy,none,none,none,draw,count=2
1544,on_this_destroy,me_field_1_random_[id:910081101],none,none,transform,id=110182108
1545,on_this_use,me_grave_1_first+sort[cost:max]+distinct_[type:1|9][trait:4],none,enhance[10]=0,summon,where=grave&pool=2
1546,on_this_use,me_grave_2_first+sort[cost:max]+distinct_[type:1|9][trait:4],none,enhance[10]=1,summon,enhance=10&where=grave&pool=2
1547,on_this_use,none,none,none,summon,id=910081105&count=2
1548,on_this_destroy,none,none,none,draw,count=2&filter=[type:1|9][trait:4]
1549,on_this_use,all_field_1_index_[type:1|9],none,none,set_buff,atk=4&hp=4
1550,on_this_use,op_field_1_index_[type:1|9][hp:3|-2],none,none,vanish,none
1551,on_this_use,none,none,none,get_token,id=910081101&count=1
1552,on_turn_end,me_field_0_all_[id:910081101],none,me.isMyTurn=1&effect.source.where=5,remove_effect,timing=all
1553,on_this_use,none,none,none,summon,id=910081101&count=4
1554,on_this_use,op_field_1_index_[type:1|9],none,none,damage,damage=3
1555,on_this_attack,op_field_0_all_[type:1|9],none,none,damage,damage=2
1556,on_this_destroy,none,none,none,get_token,id=910081101&count=2
1557,on_this_destroy,none,none,none,add_deck,id=910183101&count=1
1558,on_this_use,op_field_1_index_[type:1|9],none,none,set_buff,appendix=1559&atk=3&hp=3
1559,on_this_use,sourceEffect.target_field_0_all_[type:1|9],none,none,remove_effect,timing=all
1560,on_this_use,me_token_2_index,none,none,choose,appendix=1671&token=910081103/910081104/910081105/910081106
1561,on_this_evolve_with_ep,none,none,none,draw,count=1&filter=[type:1|9][trait:4]
1562,on_this_use,self,none,me.isReson=1,set_value,id=effect.target.all.base.evolveCost&value=0
1563,on_turn_end,me_hand_0_all_[id:910081101][type:1|9],none,effect.source.where=5&me.isMyTurn=1,buff,add=1/0
1564,on_this_use,none,none,none,get_token,id=910081101&count=1
1565,on_this_use,self,none,none,set_keyword,until=op_turn_end&keyword=5
1566,on_this_use,me_field_2_index+other_[type:1|9],none,me.field[type:1|9].count[GTE]2,destroy,appendix=1567
1567,on_this_use,none,none,none,summon,id=910183103&count=1
1568,on_this_destroy,me_leader_0_all_[type:0],none,none,add_effect,id=1569&description=下個自己的回合開始時，召喚2個[ffbb00]懸絲傀儡[-]到戰場上
1569,on_turn_start,none,none,me.isMyTurn=1,summon,autoRemove=true&id=910081101&count=2
1570,on_this_destroy,none,none,none,add_deck,id=910183102&count=1
1571,on_this_use,me_hand_0_all_[id:910081101],none,me.hand[id:910081101].count>0,discard,appendix=1572&type=vanish
1572,on_this_use,sourceEffect.target_grave_0_all,none,none,set_value,appendix=1573&id=effect.source.option[tmpCount]&value=sourceEffect.target.count
1573,on_this_use,none,none,none,get_token,appendix=1574&id=910081101&count=1
1574,on_this_use,sourceEffect.target_hand_0_all_[type:1|9],none,none,set_buff,atk=effect.source.option[tmpCount]&hp=effect.source.option[tmpCount]
1575,on_this_use,none,none,none,draw,appendix=1576&count=4&filter=[type:1|9][trait:4]
1576,on_this_use,me_leader_0_all_[type:0],none,none,set_pp,add=sourceEffect.target.count
1577,on_other_summon,sourceEffect.target_field_1_first_[type:1|9][craft:8],none,effect.source.where=5&sourceEffect.target.first.isMe=1&sourceEffect.target.first.current[IF][type:1|9][craft:8]=1,remove_effect,timing=all
1578,on_this_use,me_hand_2_first+other+sort[cost:min]_[type:1|9],none,none,transform,id=910184101
1579,on_this_use,all_field_0_all+other_[type:1|9],none,none,set_buff,appendix=1580&atk=2&hp=2
1580,on_this_use,sourceEffect.target_field_0_all_[type:1|9],none,none,remove_effect,timing=all
1581,on_this_use,me_hand_0_all+other_[id:910081101][cost:0],none,none,set_cost,appendix=1582&hide=false&add=1
1582,on_this_use,sourceEffect.target_hand_0_all_[type:1|9],none,none,set_keyword,keyword=1
1583,on_this_use,none,none,me.isUnion=1,get_token,id=110021202&count=1
1584,on_this_use,op_field_1_index_[type:1|9],none,none,damage,damage=1
1585,on_this_use,me_leader+field_1_index_[type:0|1|9],none,none,heal,heal=2
1586,on_this_use,me_field_1_index_[type:1|9],none,none,set_keyword,keyword=4
1587,on_this_use,me_field_1_index_[type:1|9],none,none,buff,add=1/1
1588,on_this_destroy,none,none,none,get_token,id=910021201&count=1
1589,on_this_evolve_with_ep,me_token_1_index,none,none,choose,appendix=1590&token=110071203/110171303
1590,on_this_evolve_with_ep,sourceEffect.target_none_0_all,none,none,get_token,hide=true
1591,on_this_use,me_field_1_index+other_[type:1|9],none,none,buff,add=1/1
1592,on_this_use,self,none,me.field[trait:2].count>0,set_keyword,keyword=1
1593,on_this_use,self,none,none,buff,enhance=5&add=3/3
1594,on_this_use,self,none,me.isUnion=1,buff,add=2/2
1595,on_turn_end,none,none,effect.source.where=5&me.isMyTurn=1&me.isUnion=0,random,pdf=1/1&effect=1598/1599
1596,on_turn_end,none,none,effect.source.where=5&me.isMyTurn=1&me.isUnion=1,draw,count=1
1597,on_turn_end,none,none,effect.source.where=5&me.isMyTurn=1&me.isUnion=1,summon,id=910021103&count=1
1598,on_turn_end,none,none,none,draw,count=1
1599,on_turn_end,none,none,none,summon,id=910021103&count=1
1600,on_this_use,self,none,me.field[trait:2].count>0,set_keyword,keyword=1
1601,on_this_use,me_leader+field_0_all_[type:0|1|9],none,none,heal,heal=2
1602,on_this_use,op_field_1_index_[type:1|3|9],none,none,destroy,none
1603,on_this_evolve_with_ep,op_field_1_index_[type:1|3|9],none,none,destroy,none
1604,on_this_use,none,none,none,summon,id=110121112&count=2
1605,on_other_destroy,op_field_0_all_[type:1|9],none,effect.source.where=5&sourceEffect.target.first.isMe=1&sourceEffect.target.first.current[IF][type:1|9]=1,damage,damage=1
1606,on_this_use,none,none,none,summon,id=910021102&count=1
1607,on_this_use,me_token_1_index,none,me.isUnion=1,choose,appendix=1608&token=910121201/910121202
1608,on_this_use,sourceEffect.target_none_0_all,none,none,get_token,hide=true
1609,on_this_use,me_field_1_index_[type:1|9],none,none,buff,appendix=1610&add=1/0
1610,on_this_use,sourceEffect.target_field_0_all_[type:1|9],none,none,set_keyword,keyword=4
1611,on_this_use,op_field_0_all_[type:1|9],none,none,damage,damage=1
1612,on_this_use,none,none,none,summon,id=910021101&count=2
1613,on_this_use,none,none,none,get_token,id=random[910021201~910021204]&count=1
1614,on_this_use,me_field_0_all_[type:1|9],none,none,set_keyword,keyword=5
1615,on_this_use,none,none,none,summon,id=110121106&count=2
1616,on_this_use,me_field_1_index_[type:1|9],none,none,buff,add=1/1
1617,on_this_destroy,none,none,none,summon,appendix=1618&id=910021101&count=1
1618,on_this_destroy,me_field_0_all_[type:1|9],none,me.isUnion=1,buff,add=1/1
1619,on_this_attack,op_field_1_random_[type:1|9],none,me.isUnion=1,damage,damage=2
1620,on_this_use,op_field_0_all_[type:1|9],none,none,damage,enhance=6&damage=me.hand[trait:14].count
1621,on_this_use,none,none,none,get_token,enhance=6&appendix=1620&id=random[910021201~910021204]&count=1
1622,on_other_summon,self,none,effect.source.where=5&effect.source.current[IF][type:1|9][trait:2]=1&sourceEffect.target.first.isMe=1&sourceEffect.target.first.current[IF][type:1|9][trait:2]=1,set_trait,appendix=1623&modify=remove&trait=2
1623,on_other_summon,self,none,none,set_trait,trait=1
1624,on_other_summon,self,none,effect.source.where=5&effect.source.current[IF][type:1|9][trait:1]=1&sourceEffect.target.first.isMe=1&sourceEffect.target.first.current[IF][type:1|9][trait:1]=1,set_trait,appendix=1625&modify=remove&trait=1
1625,on_other_summon,self,none,none,set_trait,trait=2
1626,on_this_evolve_with_ep,me_field_1_index_[type:1|9],none,effect.source.current[IF][type:1|9][trait:2]=1,buff,add=1/1
1627,on_this_evolve_with_ep,self,none,effect.source.current[IF][type:1|9][trait:1]=1,set_keyword,keyword=3
1628,on_this_evolve_with_ep,self,none,effect.source.current[IF][type:1|9][trait:1]=1,set_keyword,keyword=2
1629,on_this_use,none,none,op.field[type:1|9].count>me.field[type:1|9].count,summon,id=910021101&count=1
1630,on_this_use,op_field_1_index_[type:1|9],none,none,damage,damage=2
1631,on_this_evolve_with_ep,none,none,me.isUnion=0,get_token,id=910122208&count=1
1632,on_this_evolve_with_ep,none,none,me.isUnion=1,get_token,id=910122208&count=2
1633,on_this_use,op_field_1_index_[type:1|9],none,enhance[7]=1,damage,enhance=7&damage=4
1634,on_this_defense,me_field_0_all_[type:1|9],none,effect.source.where=5,heal,heal=1
1635,on_this_defense,op_field_0_all_[type:1|9],none,effect.source.where=5,damage,damage=1
1636,on_this_use,me_token_1_index,none,none,choose,appendix=1637&token=910122101/910122102
1637,on_this_use,sourceEffect.target_none_0_all,none,none,get_token,hide=true
1638,on_this_destroy,me_leader_0_all_[type:0],none,me.isUnion=1,add_effect,id=1639&description=下個自己的回合開始時，召喚1個[ffbb00]千千萬萬重裝兵[-]到戰場上。
1639,on_turn_start,none,none,me.isMyTurn=1,summon,autoRemove=true&id=110122107&count=1
1640,on_this_use,none,none,none,get_token,id=random[910021201~910021204]&count=1
1641,on_this_use,none,none,me.field[trait:1].count>0,get_token,id=random[910021201~910021204]&count=1
1642,on_this_use,none,none,me.field[trait:2].count>0,get_token,id=random[910021201~910021204]&count=1
1643,on_this_use,none,none,me.leader.hp>10,draw,appendix=1645&count=1&filter=[type:1|9][keyword:2]
1644,on_this_use,none,none,me.leader.hp[LTE]10,draw,appendix=1645&count=2&filter=[type:1|9][keyword:2]
1645,on_this_use,sourceEffect.target_hand_0_all,none,none,set_cost,until=turn_end&add=-op.field[type:1|9].count
1646,on_this_use,none,none,none,summon,appendix=1647&id=910021101&count=1
1647,on_this_use,me_field_2_random_[type:1|9],none,none,add_effect,id=1648&keyword=8&description=[ffbb00]謝幕曲[-] 抽取1張卡片
1648,on_this_destroy,none,none,none,draw,count=1
1649,on_this_use,op_field_0_all_[type:1|9],none,none,damage,damage=me.field.count
1650,on_this_use,me_field_0_all_[type:1|9],none,me.isUnion=1,buff,add=1/1
1651,on_turn_start,none,none,effect.source.where=5&me.isMyTurn=1,draw,count=1&filter=[trait:1]
1652,on_this_use,me_token_1_index,none,switch[2]=1,choose,switch=2&token=910122201/910122202/910122203/910122204/910122205/910122206/910122207
1653,on_this_use,sourceEffect.target_none_0_all,none,none,get_token,appendix=1654&hide=true
1654,on_this_use,sourceEffect.target_hand_0_all,none,none,add_effect,id=1665&description=自己的回合結束時，捨棄自己手牌中的這張卡片
1655,on_this_use,me_field_1_index_[type:1|9],none,none,set_keyword,keyword=36
1656,on_this_use,me_field_1_index_[type:1|9],none,none,set_keyword,keyword=22
1657,on_this_use,me_field_1_index_[type:1|9],none,none,set_keyword,keyword=25
1658,on_this_use,me_field_1_index_[type:1|9],none,none,add_effect,id=1659&description=因攻擊所受到的傷害皆轉變為0
1659,on_before_this_damage,self,none,sourceEffect.ability[situation:attack]=1\sourceEffect.ability[situation:defense]=1,set_damage,set=0
1660,on_this_use,me_field_1_index_[type:1|9],none,none,add_effect,id=1661&description=因能力所受到的傷害皆轉變為0
1661,on_before_this_damage,self,none,sourceEffect.ability[situation:attack]=0&sourceEffect.ability[situation:defense]=0,set_damage,set=0
1662,on_this_use,me_field_1_index_[type:1|9],none,none,set_keyword,keyword=37
1663,on_this_use,me_field_1_index_[type:1|9],none,none,set_keyword,keyword=39
1664,on_this_use,me_field_1_index_[type:1|9],none,none,set_keyword,keyword=40
1665,on_turn_end,self,none,effect.source.where=2&me.isMyTurn=1,discard,none
1666,on_turn_end,all_leader_0_all_[type:0],none,effect.source.where=5&me.isMyTurn=1,damage,damage=me.field[trait:13].count
1667,on_other_use,self,none,effect.source.where=5&sourceEffect.target.first.isMe=1&sourceEffect.target.first.current[IF][trait:13]=1,buff,add=0/1
1668,on_other_use,self,none,effect.source.where=5&sourceEffect.target.first.isMe=1&sourceEffect.target.first.current[IF][trait:13]=1,buff,add=1/1
1669,on_this_use,none,none,none,summon,id=110021101/910021103&count=1/1
1670,on_this_use,me_field_0_all+other_[type:1|9],none,none,buff,enhance=8&add=2/2
1671,on_this_use,sourceEffect.target_none_0_all,none,none,add_deck,none
1672,on_this_use,none,none,none,get_token,id=910123203&count=1
1673,on_this_use,me_field_0_all_[type:1|9],none,none,buff,add=1/0
1674,on_this_use,me_field_0_all_[type:1|9],none,none,set_keyword,keyword=4
1675,on_this_use,me_field_0_all_[type:1|9],none,none,buff,add=0/1
1676,on_this_use,me_field_0_all_[type:1|9],none,none,set_keyword,keyword=2
1677,on_this_use,me_token_1_index,none,none,choose,appendix=1678&token=910123201/910123202
1678,on_this_use,sourceEffect.target_none_0_all,none,none,get_token,hide=true
1679,on_this_evolve_with_ep,me_field_0_all+other_[type:1|9],none,none,add_effect,until=op_turn_end&id=1680&description=因能力所受到的傷害皆轉變為0
1680,on_before_this_damage,self,none,sourceEffect.ability[situation:attack]=0&sourceEffect.ability[situation:defense]=0,set_damage,set=0
1681,on_this_use,none,none,none,summon,id=910021101&count=2
1682,on_this_use,me_field_0_all+other_[type:1|9],none,none,buff,add=1/0
1683,on_this_use,me_field_0_all+other_[type:1|9],none,none,set_keyword,keyword=4
1684,on_this_attack,self,none,me.isUnion=1,buff,add=2/0
1685,on_this_use,me_token_1_index,none,switch[7]=1,choose,switch=7&token=910123103/910123104
1686,on_this_defense,self,none,none,buff,add=1/1
1687,on_this_use,none,none,none,summon,id=910021101/910123101&count=1/1
1688,on_this_use,op_field_1_random_[type:1|9],none,none,damage,damage=3
1689,on_this_use,me_field_1_random_[type:1|9],none,me.isUnion=0,damage,damage=3
1690,on_this_use,me_field_1_index+other_[type:1|9],none,none,add_effect,id=1691&description=自己的回合結束時，使這個從者的生命值回復至上限
1691,on_turn_end,self,none,effect.source.where=5&me.isMyTurn=1,heal,heal=effect.source.buff.damage
1692,on_this_use,me_leader_0_all_[type:0],none,me.isUnion=1,heal,heal=2
1693,on_this_use,none,none,me.isUnion=1,draw,count=1
1694,on_other_summon,sourceEffect.target_field_0_all_[id:910021101],none,effect.source.where=5&sourceEffect.target.first.isMe=1&sourceEffect.target.first.current[IF][id:910021101]=1,transform,id=910123102
1695,on_this_use,self,none,me.field[type:1|9][trait:2].count>0,set_value,id=effect.target.all.base.evolveCost&value=0
1696,on_this_attack,sourceEffect.target_field_1_first_[type:1|9],none,effect.source.where=5,destroy,none
1697,on_this_attack,me_field_0_all_[type:1|9],none,me.isUnion=1,add_effect,until=turn_end&id=1700&description=使下一次受到的傷害轉變為0
1698,on_this_use,self,none,none,add_effect,enhance=7&until=turn_end&id=1700&description=受到的傷害皆轉變為0
1699,on_this_use,self,none,none,add_effect,enhance=7&until=turn_end&id=1701
1700,on_before_this_damage,self,none,none,set_damage,autoRemove=true&set=0
1701,resident,self,none,none,set_value,id=effect.target.me[type:1|9].first.action.maxAttackChance&value=3
1702,on_turn_end,me_field_0_all+other_[type:1|9],none,effect.source.where=5&me.isMyTurn=1&me.isUnion=1,buff,add=1/1
1703,on_this_use,none,none,none,draw,count=2&filter=[type:1|9]&distinct=[trait]
1704,on_turn_start,self,none,me.isMyTurn=1&effect.source.where=5,remove_effect,timing=all
1705,on_turn_start,self,none,me.isMyTurn=1&effect.source.where=5,remove_effect,timing=all
1706,on_this_use,none,none,op.field[type:1|9][isDamaged:1].count>0,draw,count=1
1707,on_this_use,op_field_1_index_[type:1|9],none,none,damage,damage=1
1708,on_turn_end,none,none,me.isMyTurn=1&effect.source.where=5,get_token,id=910041102&count=1
1709,on_this_use,op_leader+field_1_index_[type:0|1|9],none,me.isAwake=1,damage,damage=2
1710,on_this_use,self,none,none,buff,enhance=7&add=4/4
1711,on_this_use,self,none,none,set_keyword,enhance=7&keyword=2
1712,on_this_use,op_field_1_index_[type:1|9][isDamaged:1],none,op.field[type:1|9][isDamaged:1].count>0,damage,damage=4
1713,on_this_use,self,none,me.field[id:910041102].count>0,buff,add=0/1
1714,on_this_use,self,none,me.field[id:910041102].count>0,set_keyword,keyword=2
1715,on_this_destroy,none,none,none,get_token,id=110041301&count=1
1716,on_this_use,none,none,none,random,pdf=1/1&effect=1717/1718
1717,on_this_use,self,none,none,set_keyword,keyword=2
1718,on_this_use,self,none,none,set_keyword,keyword=4
1719,on_this_defense,self,none,effect.source.where=5,buff,add=sourceEffect.op[type:1|9].first.current.atk/0
1720,on_this_defense,op_leader_0_all_[type:0],none,effect.source.where=5,damage,damage=2
1721,on_this_use,none,none,none,summon,id=910041101&count=1
1722,on_this_use,none,none,none,summon,enhance=3&id=910041101&count=1
1723,on_this_use,op_field_1_index_[type:1|9][isDamaged:1],none,none,destroy,appendix=1724
1724,on_this_use,none,none,none,draw,count=1
1725,on_this_use,me_field_1_index_[type:1|9],none,me.isAwake=0,add_effect,id=1727&keyword=10&description=[ffbb00]交戰時[-] 給予與之交戰的敵方從者2點傷害
1726,on_this_use,me_field_0_all_[type:1|9],none,me.isAwake=1,add_effect,id=1727&keyword=10&description=[ffbb00]交戰時[-] 給予與之交戰的敵方從者2點傷害
1727,on_this_defense,sourceEffect.op_field_1_first_[type:1|9],none,effect.source.where=5,damage,damage=2
1728,on_this_use,op_field_1_index_[type:1|9],none,none,damage,damage=me.leader.ppMax
1729,on_this_use,op_leader+field_0_all_[type:0|1|9],none,none,damage,damage=1
1730,on_this_destroy,op_leader+field_0_all_[type:0|1|9],none,none,damage,damage=1
1731,on_this_use,me_leader+field_1_index_[type:0|1|9],none,me.isAwake=1,heal,heal=2
1732,on_this_use,none,none,me.isAwake=0,get_token,id=910041101&count=1
1733,on_this_use,none,none,me.isAwake=1,get_token,id=910041105&count=1
1734,on_this_evolve_with_ep,none,none,me.isAwake=0,get_token,id=910041101&count=1
1735,on_this_evolve_with_ep,none,none,me.isAwake=1,get_token,id=910041105&count=1
1736,on_turn_start,self,none,me.isMyTurn=1&effect.source.where=5&op.field[type:1|9][isDamaged:1].count>0,destroy,none
1737,on_this_destroy,none,none,none,summon,id=910041103&count=1
1738,on_this_use,all_field_1_index_[type:1|9],none,none,copy_effect,keyword=9/10
1739,on_this_defense,none,none,none,draw,count=1
1740,on_this_evolve_with_ep,op_field_0_all_[type:1|9],none,none,damage,damage=1
1741,on_this_destroy,none,none,me.isAwake=1,get_token,id=910041104&count=1
1742,on_this_defense,none,none,none,summon,id=910041102&count=1
1743,on_this_use,all_field_0_all+other_[type:1|9][isDamaged:1],none,none,destroy,none
1744,on_this_use,none,none,none,draw,count=1
1745,on_this_use,none,none,none,ramp,enhance=4&add=1
1746,on_this_use,me_field_1_index_[type:1|9],none,none,buff,add=op.field[type:1|9][isDamaged:1].count/op.field[type:1|9][isDamaged:1].count
1747,on_this_use,op_field_1_index_[type:1|9],none,none,damage,appendix=1748&damage=2
1748,on_this_use,me_leader_0_all_[type:0],none,op.field[type:1|9][isDamaged:1].count>0,heal,heal=2
1749,on_this_use,none,none,none,get_token,appendix=1750&id=910041105/910041103&count=1/1
1750,on_this_use,sourceEffect.target_hand_0_all,none,me.isAwake=1,set_cost,add=-2
1751,on_this_use,none,none,none,summon,appendix=1752&id=910041102&count=3
1752,on_this_use,op_field_1_random_[type:1|9],none,me.isAwake=1,damage,damage=me.field[id:910041102].count
1753,on_other_damage,self,none,effect.source.where=5&sourceEffect.target.op[type:1|9].count-sourceEffect.target.op[type:1|9][hp:0].count>0,buff,add=sourceEffect.target.op[type:1|9].count-sourceEffect.target.op[type:1|9][hp:0].count/sourceEffect.target.op[type:1|9].count-sourceEffect.target.op[type:1|9][hp:0].count
1754,on_other_damage,self,none,effect.source.where=5,set_keyword,keyword=5
1755,on_after_this_attack,self,none,effect.source.where=5&sourceEffect.target.first.isOp=1&sourceEffect.target.first.current[IF][type:1|9][hp:0]=1,set_value,id=effect.target.all[type:1|9].action.usedAttackChance&value=0
1756,on_this_use,self,none,none,add_effect,enhance=10&until=turn_end&id=1757&description=受到的傷害皆轉變為0
1757,on_before_this_damage,self,none,none,set_damage,set=0
1758,on_this_use,self,none,op.field[type:1|9][isDamaged:1].count>0,buff,add=1/1
1759,on_this_use,self,none,op.field[type:1|9][isDamaged:1].count[GTE]3,buff,add=1/1
1760,on_this_use,me_leader_0_all_[type:0],none,op.field[type:1|9][isDamaged:1].count=5,set_pp,add=3
1761,on_before_this_damage,self,none,effect.source.where=5&me.field[id:910041102].count>0,set_damage,set=0
1762,on_this_use,none,none,none,summon,id=910041102&count=1
1763,on_this_damage,none,none,effect.source.where=5&effect.source.current[IF][hp:0]=0,summon,id=910143101&count=1
1764,on_this_use,all_field_1_index_[type:1|3|9],none,none,transform,appendix=1765&id=910041103
1765,on_this_use,me_field_0_all_[id:910041103],none,me.isAwake=1,set_keyword,keyword=4
1766,on_this_use,self,none,me.isAwake=0,set_value,appendix=1768&id=effect.source.option[tmpCount]&value=1
1767,on_this_use,self,none,me.isAwake=1,set_value,appendix=1768&id=effect.source.option[tmpCount]&value=op.field[type:1|9][isDamaged:1].count
1768,on_this_use,op_field_1_random_[type:1|9],none,none,damage,appendix=1769&repeat=sourceEffect.source.option[tmpCount]&damage=1
1769,on_this_use,none,none,none,summon,repeat=sourceEffect.source.option[tmpCount]&id=910041105&count=1
1770,on_this_use,me_deck_1_first+sort[cost:max]_[type:1|9][cost:me.leader.ppMax|-2],none,none,summon,appendix=1771&where=deck
1771,on_this_use,self,none,none,set_value,appendix=1772&id=effect.source.option[myAtk]&value=sourceEffect.target.first.current.atk
1772,on_this_use,op_deck_1_first+sort[cost:max]_[type:1|9][cost:op.leader.ppMax|-2],none,none,summon,appendix=1773&who=op&field=op&where=deck
1773,on_this_use,self,none,none,set_value,appendix=1774&id=effect.source.option[opAtk]&value=sourceEffect.target.first.current.atk
1774,on_this_use,sourceEffect[4].target_field_0_all_[type:1|9],none,none,damage,appendix=1775&damage=effect.source.option[opAtk]
1775,on_this_use,sourceEffect[3].target_field_0_all_[type:1|9],none,none,damage,appendix=1776&damage=effect.source.option[myAtk]
1776,on_this_use,sourceEffect[2].target_field_0_all_[type:1|9],none,none,return,appendix=1777
1777,on_this_use,sourceEffect[2].target_field_0_all_[type:1|9],none,none,return,none
1778,on_after_this_attack,self,none,effect.source.where=5&sourceEffect.op.first.current[IF][type:1|9][hp:0]=1\effect.source.where=5&sourceEffect.op.first.current[IF][type:1|9]=1&sourceEffect.op.first.where[NOT]5,buff,add=1/1
1779,on_after_this_defense,self,none,effect.source.where=5&sourceEffect.op.first.current[IF][type:1|9][hp:0]=1\effect.source.where=5&sourceEffect.op.first.current[IF][type:1|9]=1&sourceEffect.op.first.where[NOT]5,buff,add=1/1
1780,on_this_attack,self,none,effect.source.where=5&sourceEffect.op[type:1|9].first.current.atk>effect.source.current.atk,add_effect,until=turn_end&id=1781&description=受到的傷害皆轉變為0
1781,on_before_this_damage,self,none,none,set_damage,set=0
1782,on_this_use,self,none,none,set_keyword,enhance=6&keyword=4
1783,on_this_use,self,none,none,set_keyword,enhance=6&keyword=3
1784,on_this_use,self,none,op.field[type:1|9][isDamaged:1].count>0,evolve,none
1785,on_this_attack,op_leader+field_0_all_[type:0|1|9],none,none,damage,damage=1
1786,on_this_use,none,none,me.field[id:910144301].count=0,summon,id=910144301&count=1
1787,on_other_defense,sourceEffect.me_field_0_all_[type:1|9][craft:4],none,effect.source.where=5&sourceEffect.me[type:1|9][craft:4].count>0,buff,add=1/1
1788,on_this_use,op_field_1_index_[type:1|9],none,none,destroy,appendix=1789
1789,on_this_use,op_field_1_random_[type:1|9],none,sourceEffect.target.first.current[IF][type:1|9][isDamaged:1]=1,damage,damage=5
1790,on_this_destroy,op_field_1_random_[type:1|9],none,none,damage,damage=1
1791,on_this_use,me_field_1_index_[type:1|9],none,necromance[3]=1&me.field[type:1|9].count>0,buff,necromance=3&add=1/1
1792,on_other_vanish,self,none,effect.source.where=5&sourceEffect.target.first.current[IF][id:910051101]=1,buff,add=1/1
1793,on_this_use,op_field_1_index_[type:1|9],none,necromance[3]=0,damage,damage=2
1794,on_this_use,op_field_1_index_[type:1|9],none,necromance[3]=1,damage,necromance=3*effect.target.count/effect.target.count&damage=4
1795,on_this_use,none,none,none,set_grave,add=2
1796,on_this_destroy,none,none,none,summon,id=910051103&count=1
1797,on_this_evolve_with_ep,none,none,sourceEffect.target.all[type:1|9][hp:0].count>0,get_token,id=910014201&count=1
1798,on_turn_end,op_field_1_random_[type:1|9],none,necromance[2]=1&me.isMyTurn=1&effect.source.where=5&op.field[type:1|9].count>0,damage,necromance=2&damage=2
1799,on_this_use,me_field_1_index_[type:1|9],none,me.field[type:1|9].count>0,destroy,appendix=1800
1800,on_this_use,self,none,none,buff,add=2/2
1801,on_this_destroy,none,none,none,summon,id=910151101/910051102&count=1/1
1802,on_this_use,op_leader_0_all_[type:0],none,necromance[4]=1,damage,necromance=4&damage=4
1803,on_this_destroy,op_field_0_all_[type:1|9],none,none,damage,damage=3
1804,on_this_use,me_hand_1_index+other_[type:1|9],none,me.field.availableCount[GTE]2,bury,appendix=1805
1805,on_this_use,op_field_1_index_[type:1|9],none,none,destroy,none
1806,on_this_use,none,none,none,get_token,id=910051101&count=1
1807,on_this_use,me_field_1_index_[type:1|9],none,none,destroy,appendix=1808
1808,on_this_use,me_field_1_random+other[sourceEffect.target]_[type:1|9],none,none,buff,add=2/0
1809,on_this_use,op_field_1_index_[type:1|9][hp:3|-2],none,necromance[4]=0,destroy,none
1810,on_this_use,op_field_1_index_[type:1|9],none,necromance[4]=1,destroy,necromance=1-effect.target.first.current[IF][hp:3|2|1|0]*4
1811,on_this_use,none,none,none,summon,id=910051103&count=1
1812,on_this_use,none,none,necromance[4]=1,summon,necromance=4&id=910051103&count=1
1813,on_this_use,me_field_0_all_[id:910051103],none,none,buff,add=1/0
1814,on_turn_end,none,none,op.isMyTurn=1&effect.source.where=5,summon,id=910051102&count=1
1815,on_this_use,none,none,necromance[2]=1,draw,necromance=2&count=1
1816,on_this_use,self,none,none,add_effect,id=1817&keyword=8&description=[ffbb00]謝幕曲[-] 召喚1個[ffbb00]南瓜幻影[-]到戰場上。
1817,on_this_destroy,none,none,none,summon,id=910152301&count=1
1818,on_this_destroy,none,none,none,summon,appendix=1819&id=110152102&count=1
1819,on_this_destroy,sourceEffect.target_field_0_all,none,none,set_keyword,keyword=4
1820,on_this_use,op_field_0_all_[type:1|9],none,necromance[6]=1,damage,necromance=6&damage=2
1821,on_this_use,none,none,none,summon,id=110152104&count=1
1822,on_this_destroy,me_field_1_random_[type:1|9],none,none,buff,add=1/0
1823,on_this_use,me_hand_1_index+other_[type:1|9],none,me.field.availableCount[GTE]2,bury,appendix=1824
1824,on_this_use,none,none,none,summon,id=910051101&count=2
1825,on_this_destroy,none,none,none,summon,id=910051102&count=1
1826,on_this_use,none,none,none,reanimate,cost=5
1827,on_this_defense,me_leader_0_all_[type:0],none,none,heal,heal=2
1828,on_this_use,none,none,none,accelerate,accelerate=2&id=810152201
1829,on_this_use,none,none,none,draw,count=1
1830,on_this_use,me_hand_1_index+other_[type:1|9],none,me.field.availableCount>0,bury,appendix=1831
1831,on_this_use,none,none,none,draw,count=1
1832,on_this_destroy,none,none,none,summon,appendix=1833&id=110052101&count=2
1833,on_this_destroy,sourceEffect.target_field_0_all,none,none,buff,add=1/1
1834,on_this_use,me_grave_1_first+sort[cost:max]_[type:1|9][graveReason:2],none,none,get_token,none
1835,on_this_use,me_field_1_index_[type:1|9],none,none,buff,appendix=1836&add=1/1
1836,on_this_use,sourceEffect.target_field_0_all_[type:1|9],none,none,add_effect,id=1837&keyword=8&description=[ffbb00]謝幕曲[-] 召喚1個[ffbb00]骷髏士兵[-]到戰場上。
1837,on_this_destroy,none,none,none,summon,id=910051102&count=1
1838,on_this_use,me_field_1_index_[type:1|9],none,none,set_keyword,appendix=1839&keyword=3
1839,on_this_use,sourceEffect.target_field_0_all_[type:1|9],none,necromance[5]=1,set_keyword,necromance=5&keyword=4
1840,on_this_destroy,me_field_1_random_[type:1|9],none,none,buff,appendix=1841&add=1/1
1841,on_this_destroy,sourceEffect.target_field_0_all_[type:1|9],none,none,add_effect,id=1840&keyword=8&description=[ffbb00]謝幕曲[-] 隨機給予1個自己的從者+1/+1及此[ffbb00]謝幕曲[-]效果。
1842,on_this_use,self,none,necromance[4]=1,set_keyword,necromance=4&keyword=4
1843,on_this_destroy,op_field_1_random_[type:1|9],none,none,damage,damage=3
1844,on_this_destroy,me_field_1_random_[type:1|9],none,none,add_effect,id=1845&keyword=8&description=[ffbb00]謝幕曲[-] 召喚1個沒有[ffbb00]謝幕曲[-]能力的[ffbb00]活動魔劍[-]到戰場上。
1845,on_this_destroy,none,none,none,summon,id=910154101&count=1
1846,on_this_evolve_with_ep,none,none,none,random,repeat=me.grave.num&pdf=1/1&effect=1847/1848
1847,on_this_evolve_with_ep,self,none,necromance[1]=1,buff,necromance=1&add=1/0
1848,on_this_evolve_with_ep,self,none,necromance[1]=1,buff,necromance=1&add=0/1
1849,on_turn_start,op_leader_0_all_[type:0],none,me.isMyTurn=1&effect.source.where=5,damage,damage=1
1850,on_other_destroy,self,none,effect.source.where=5&sourceEffect.target.first.isMe=1&sourceEffect.target.first.current[IF][type:1|9]=1,set_keyword,keyword=5
1851,on_this_destroy,me_field_1_random_[type:1|9],none,none,buff,appendix=1852&add=2/2
1852,on_this_destroy,sourceEffect.target_field_0_all_[type:1|9],none,none,set_keyword,keyword=2
1853,on_this_use,none,none,none,draw,count=1&filter=[type:1|9][keyword:8]
1854,on_other_destroy,sourceEffect.target_grave_0_all_[type:1|9],none,necromance[4]=1&effect.source.where=5&sourceEffect.target.first.isMe=1&sourceEffect.target.first.current[IF][type:1|9]=1,get_token,necromance=4
1855,on_this_use,op_leader_0_all_[type:0],leader.turn_destroyedFollowerCount/op.leader.turn_destroyedFollowerCount,none,damage,damage=me.leader.turn_destroyedFollowerCount+op.leader.turn_destroyedFollowerCount
1856,on_this_use,me_field_0_all+other_[type:1|9],none,necromance[8]=0,buff,add=1/0
1857,on_this_use,me_field_0_all+other_[type:1|9],none,necromance[8]=1,buff,necromance=8&add=2/0
1858,on_this_destroy,none,none,none,summon,appendix=1859&id=910051101&count=1
1859,on_this_destroy,sourceEffect.target_field_0_all_[type:1|9],none,none,buff,add=effect.source.current.atk/effect.source.current.atk
1860,on_this_use,none,none,none,reanimate,cost=4
1861,on_this_use,none,none,none,reanimate,cost=3
1862,on_this_use,none,none,none,reanimate,cost=2
1863,on_this_use,me_field_1_index_[type:1|9],none,none,destroy,appendix=1864
1864,on_this_use,none,none,none,reanimate,cost=sourceEffect.target.first.current.cost
1865,on_turn_end,none,none,me.isMyTurn=1&effect.source.where=5,draw,count=1
1866,on_necromance,self,none,effect.source.where=5&sourceEffect.source.isMe=1,set_countdown,add=1
1867,on_return,self,none,effect.source.where=5,set_value,id=effect.target.all[type:1|9].action.usedAttackChance&value=0
1868,on_this_use,none,none,none,draw,count=1
1869,on_this_use,me_leader_0_all_[type:0],none,none,heal,heal=1
1870,on_turn_end,none,none,me.isMyTurn=1&effect.source.where=5,add_deck,id=910114201&count=me.field.count+op.field.count
1871,on_this_destroy,none,none,none,draw,count=1&filter=[type:2]
1872,on_this_use,op_field_1_index_[type:1|9],none,none,set_keyword,until=op_turn_end&keyword=29
1873,on_this_use,op_leader+field_1_index_[type:0|1|9],none,none,damage,damage=3
1874,on_defense,sourceEffect.op_field_0_all_[type:1|9],none,effect.source.where=5,damage,damage=1
1875,on_this_use,none,leader.combo,me.leader.combo[GTE]2,get_token,id=910014201&count=1
1876,on_this_evolve_with_ep,none,none,none,get_token,appendix=1797&id=910014201&count=1
1877,on_this_use,me_field_1_index_[type:1|9],none,none,buff,add=0/1
1878,on_this_evolve_with_ep,none,none,none,draw,count=2&filter=[id:110111102]
1879,on_this_defense,none,none,none,get_token,id=910011101&count=1
1880,on_this_use,me_field_2_index_[type:1|9][id:910011101],none,enhance[4]=1,buff,enhance=4&add=1/0
1881,on_this_use,none,none,none,get_token,enhance=4&id=910011101&count=2
1882,on_this_evolve_with_ep,op_field_1_index_[type:1|9],leader.combo,none,damage,damage=me.leader.combo
1883,on_other_use,sourceEffect.target_field_0_all_[type:1|9][craft:1],none,effect.source.where=5&sourceEffect.target.first.isMe=1&sourceEffect.target.first.current[IF][type:1|9][craft:1]=1&effect.source.option[turn_invoke_count]=0,set_keyword,appendix=1884&until=op_turn_end&keyword=5
1884,on_other_use,self,none,none,set_value,id=effect.source.option[turn_invoke_count]&value=1
1885,on_this_use,op_field_1_index_[type:1|9],none,none,set_buff,hp=1
1886,on_this_evolve_with_ep,op_field_1_index_[type:1|9],none,none,set_buff,hp=1
1887,on_this_use,none,none,none,get_token,appendix=1888&id=910011101&count=2
1888,on_this_use,op_field_1_index_[type:1|9],none,none,damage,damage=me.hand[id:910011101].count
1889,on_this_use,none,none,none,draw,count=1&filter=[cost:1|-2]
1890,on_turn_start,self,none,op.isMyTurn=1&effect.source.where=5&op.field[type:1|9][keyword:29].count>0,evolve,none
1891,on_this_use,op_field_1_random_[type:1|9],none,none,set_keyword,until=op_turn_end&keyword=29
1892,on_this_destroy,op_field_1_random_[type:1|9],none,none,set_keyword,until=op_turn_end&keyword=29
1893,on_this_use,op_field_1_index_[type:1|9],none,none,set_value,appendix=1894&id=effect.source.option[tmpFreeze]&value=effect.target.first.current[IF][keyword:29]
1894,on_this_use,sourceEffect.target_field_0_all_[type:1|9],none,none,set_keyword,appendix=1895&until=op_turn_end&keyword=29
1895,on_this_use,sourceEffect.target_field_0_all_[type:1|9],none,effect.source.option[tmpFreeze]=1,damage,appendix=1896&damage=3
1896,on_this_use,none,none,effect.source.option[tmpFreeze]=1,draw,count=1
1897,on_this_use,me_field_1_index_[type:1|9],none,none,add_effect,id=1898&keyword=9&description=[ffbb00]攻擊時[-] 如果對從者進行攻擊，則會（在計算傷害之前）使其返回手牌中，並失去此能力。
1898,on_this_attack,sourceEffect.target_field_0_all_[type:1|9],none,none,return,autoRemove=true
1899,on_turn_end,self,none,me.isMyTurn=1&effect.source.where=2,discard,none
1900,on_this_use,me_leader_0_all_[type:0],none,none,heal,heal=1
1901,on_this_use,me_hand_1_index+other_[type:1|9],none,none,add_effect,id=1902&keyword=7&description=[ffbb00]入場曲[-] 增加1張[ffbb00]引路微光[-]到手牌中。
1902,on_this_use,none,none,none,get_token,id=110111203&count=1
1903,on_this_use,op_field_1_index_[type:1|9],none,none,debuff,appendix=1904&until=op_turn_end&add=-5/-0
1904,on_this_use,sourceEffect.target_field_0_all_[type:1|9],none,none,add_effect,id=1905&keyword=8&description=[ffbb00]謝幕曲[-] 使敵方抽取1張卡片。
1905,on_this_destroy,none,none,none,draw,who=op&count=1
1906,on_this_use,me_field_1_index_[type:1|3|9],none,none,return,none
1907,on_this_use,op_field_2_random_[type:1|9],none,none,damage,damage=1
1908,on_this_use,none,none,none,draw,count=1
1909,on_this_use,none,none,me.field[id:910011101].count>0,draw,count=1
1910,on_this_use,none,none,me.hand[id:910011101].count>0,draw,count=1
1911,on_this_use,op_field_1_index_[type:1|9],none,none,damage,damage=3
1912,on_this_use,op_leader_0_all_[type:0],leader.combo,me.leader.combo[GTE]2,damage,damage=2
1913,on_this_use,me_field_1_index+other_[type:1|3|9],none,me.field[type:1|3|9].count>0,return,appendix=1914
1914,on_this_use,self,none,none,set_keyword,keyword=4
1915,on_this_use,none,leader.combo,none,random,pdf=1/1/1&effect=1916/1917/1918&count=effect.source.combo
1916,on_this_use,none,none,none,summon,id=910011101&count=1
1917,on_this_use,me_field_2_random_[type:1|9],none,none,buff,add=1/1
1918,on_this_use,me_leader_0_all_[type:0],none,none,heal,heal=3
1919,on_this_use,op_leader+field_1_index_[type:0|1|9],none,none,damage,damage=1
1920,on_this_destroy,none,none,none,get_token,id=910112201&count=1
1921,on_this_use,none,none,none,get_token,appendix=1922&id=910011101&count=1
1922,on_this_use,sourceEffect.target_hand_0_all_[type:1|9],leader.combo,effect.source.combo[GTE]2,buff,appendix=1923&add=1/0
1923,on_this_use,sourceEffect.target_hand_0_all_[type:1|9],leader.combo,effect.source.combo[GTE]2,set_keyword,keyword=1
1924,on_this_use,me_hand_1_random_[type:1|9][cost:1],none,none,set_cost,until=me_turn_end&add=-1
1925,on_this_defense,me_hand_1_random_[type:1|9][cost:1],none,none,set_cost,until=me_turn_end&add=-1
1926,on_this_use,self,leader.combo,none,buff,add=effect.source.combo/effect.source.combo
1927,on_other_use,self,leader.combo,effect.source.where=5&sourceEffect.target.first.isMe=1&me.leader.combo[GTE]3,evolve,none
1928,on_this_attack,none,none,none,draw,count=1
1929,on_this_use,op_field_1_random_[type:1|9],none,me.leader.combo[GTE]2,damage,damage=3
1930,on_this_use,op_field_1_random_[type:1|9],leader.combo,me.leader.combo[GTE]4,damage,damage=5
1931,on_this_use,self,leader.combo,me.leader.combo[GTE]2,set_keyword,keyword=2
1932,on_this_use,me_field_0_all_[type:1|9],leader.combo,me.leader.combo[GTE]2,buff,add=1/1
1933,on_other_use,op_field_0_all_[type:1|9],none,effect.source.where=5&sourceEffect.target.first.isMe=1,damage,damage=1
1934,on_other_use,op_field_0_all_[type:1|9],none,effect.source.where=5&sourceEffect.target.first.isMe=1,damage,damage=2
1935,on_this_use,op_field_1_random_[type:1|9],none,none,set_keyword,until=op_next_turn_end&keyword=29
1936,on_this_destroy,op_field_1_random_[type:1|9],none,none,set_keyword,until=op_next_turn_end&keyword=29
1937,on_this_attack,op_field_1_random_[type:1|9],none,none,set_keyword,until=op_next_turn_end&keyword=29
1938,on_this_defense,op_field_1_random_[type:1|9],none,none,set_keyword,until=op_next_turn_end&keyword=29
1939,on_this_use,none,none,me.grave.usedCards[usedTurn:0][type:1|9][group:0].count>0,draw,count=1&filter=[type:2|3]
1940,on_this_use,none,none,me.grave.usedCards[usedTurn:0][type:2][group:0].count>1,draw,count=1&filter=[type:1|3|9]
1941,on_this_use,none,none,me.grave.usedCards[usedTurn:0][type:3][group:0].count>0,draw,count=1&filter=[type:1|2|9]
1942,on_this_use,me_hand_0_all_[id:910011101],none,none,discard,appendix=1943
1943,on_this_use,me_field_1_index_[id:910011101][type:1|9],none,none,buff,add=sourceEffect.target.count/sourceEffect.target.count
1944,on_after_this_attack,self,none,effect.source.where=5&effect.source.current[IF][hp:0]=0,return,appendix=1945
1945,on_after_this_attack,sourceEffect.target_hand_0_all_[type:1|9],none,none,buff,add=1/0
1946,on_this_use,me_leader_0_all_[type:0],none,none,add_effect,until=turn_end&id=1947&description=自己的卡片造成的傷害+1
1947,on_before_damage,self,none,none,set_damage,add=1
1948,on_other_attack,self,none,effect.source.where=5&sourceEffect.source.isMe=1,buff,add=1/0
1949,on_this_attack,none,none,effect.source.current[IF][atk:3|2|1|0]=0,get_token,id=910113201&count=1
1950,on_other_use,self,none,effect.source.where=2&sourceEffect.target.first.isMe=1,set_cost,until=turn_end&add=-1
1951,on_turn_end,self,leader.combo,me.isMyTurn=1&effect.source.where=2&me.leader.combo[GTE]2&me.leader.combo<4,set_cost,add=-1
1952,on_turn_end,self,leader.combo,me.isMyTurn=1&effect.source.where=2&me.leader.combo[GTE]4,set_cost,add=-3
1953,on_this_use,me_hand_1_at_[id:910011101][type:1|9],none,me.hand[id:910011101][type:1|9].count[GTE]1,add_effect,id=1957&keyword=7&description=[ffbb00]入場曲[-] 回復自己的主戰者1點生命值。
1954,on_this_use,me_hand_2_at_[id:910011101][type:1|9],none,me.hand[id:910011101][type:1|9].count[GTE]2,add_effect,id=1958&keyword=7&description=[ffbb00]入場曲[-] 給予敵方的主戰者1點傷害。
1955,on_this_use,me_hand_3_at_[id:910011101][type:1|9],none,me.hand[id:910011101][type:1|9].count[GTE]3,add_effect,id=1959&keyword=7&description=[ffbb00]入場曲[-] 回復自己的PP 1點。
1956,on_this_use,me_hand_4_at_[id:910011101][type:1|9],none,me.hand[id:910011101][type:1|9].count[GTE]4,add_effect,id=1960&keyword=7&description=[ffbb00]入場曲[-] 抽取1張卡片。
1957,on_this_use,me_leader_0_all_[type:0],none,none,heal,heal=1
1958,on_this_use,op_leader_0_all_[type:0],none,none,damage,damage=1
1959,on_this_use,me_leader_0_all_[type:0],none,none,set_pp,add=1
1960,on_this_use,none,none,none,draw,count=1
1961,on_this_use,op_field_0_all_[type:1|9],none,none,damage,damage=me.hand.count&giveType=takeTurn
1962,on_this_use,op_leader_0_all_[type:0],none,none,damage,enhance=10&damage=5
1963,on_this_use,all_field_0_all_[type:1|9],none,none,return,none
1964,on_turn_end,none,none,me.isMyTurn=1&effect.source.where=5,draw,count=1
1965,on_this_use,self,none,me.grave[graveTurn:0][graveReason:4][graveIsMyTurn:1].count>0,set_countdown,add=1
1966,on_this_use,sourceEffect.target_field_0_all_[type:1|9],none,none,set_keyword,keyword=5
1967,on_turn_end,op_field_1_random_[type:1|9][hp:me.leader.combo|-2],leader.combo,me.isMyTurn=1&effect.source.where=5,set_value,appendix=1968&id=effect.source.option[tmpFreeze]&value=effect.target.first.current[IF][keyword:29]
1968,on_turn_end,sourceEffect.target_field_0_all_[type:1|9],none,none,set_keyword,appendix=1969&until=op_turn_end&keyword=29
1969,on_turn_end,sourceEffect.target_field_0_all_[type:1|9],none,effect.source.option[tmpFreeze]=1,vanish,appendix=1970
1970,on_turn_end,none,none,effect.source.option[tmpFreeze]=1,draw,count=1
1971,on_other_use,self,none,effect.source.where=2&sourceEffect.target.first.isMe=1,discard,none
----,----,----,----,----,----,----
2001,on_this_use,me_hand_1_index+other,none,none,discard,none
2002,on_this_use,none,none,none,draw,count=1
2003,on_this_leave_hand,none,none,none,draw,count=1
2004,on_turn_end,none,none,me.isMyTurn=1&effect.source.where=5,add_deck,id=910201201&count=4
2005,on_turn_end,none,none,me.isMyTurn=1&effect.source.where=5,add_deck,who=op&id=910201201&count=4
2006,on_this_draw,self,none,me.isMyTurn=1,reveal,appendix=2007
2007,on_this_draw,me_leader_0_all_[type:0],none,none,damage,appendix=2008&damage=3
2008,on_this_draw,self,none,none,discard,type=vanish
2009,on_this_use,op_leader_0_all_[type:0],none,none,damage,damage=3
2010,on_this_use,me_deck_1_random_[type:1|9][cost:3],none,none,summon,where=deck
2011,on_this_use,me_deck_1_random_[type:1|9][cost:2],none,none,summon,where=deck
2012,on_this_use,me_deck_1_random_[type:1|9][cost:1],none,none,summon,where=deck
2013,on_this_use,me_field_1_index_[type:1|9],none,me.field[type:1|9].count>0,none,appendix=2019
2014,on_this_use,self,none,me.field.count[GTE]1,buff,add=1/1
2015,on_this_use,op_leader_0_all_[type:0],none,me.field.count[GTE]2,damage,damage=2
2016,on_this_use,op_field_1_random_[type:1|9],none,me.field.count[GTE]3,damage,damage=3
2017,on_this_use,me_leader_0_all_[type:0],none,me.field.count[GTE]4,set_pp,add=4
2018,on_this_use,none,none,none,travel,filter=[zone:1][cost:1]
2019,on_this_use,self,none,none,set_buff,atk=sourceEffect.target.first.current.atk&hp=sourceEffect.target.first.current.hp
2020,on_this_use,none,none,none,draw,count=3
2021,on_this_use,me_hand_2_random,none,none,discard,none
2022,on_this_evolve_with_ep,all_field_1_index,none,none,return,none
2023,on_this_use,me_hand_0_all+other,none,none,discard,appendix=2024&type=vanish
2024,on_this_use,none,none,none,draw,count=sourceEffect.target.count
2025,on_this_destroy,none,none,none,draw,count=1
2026,on_other_use,self,none,effect.source.where=5&sourceEffect.target.first.isMe=1&sourceEffect.target.first.current[IF][type:2]=1,set_value,appendix=2027&id=effect.source.option_tmpId&value=sourceEffect.target.first.current.id
2027,on_other_use,none,none,me.grave.usedCards[id:effect.source.option_tmpId][group:0].count=1,get_token,id=effect.source.option_tmpId&count=2
2028,on_this_use,op_deck_1_first,none,none,discard,appendix=2029&who=op&where=deck&type=vanish
2029,on_this_use,none,none,none,get_token,id=sourceEffect.target.first.current.id&count=1
2030,on_this_evolve_with_ep,self,none,none,add_effect,id=2031&description=下一次受到的傷害-3
2031,on_before_this_damage,self,none,none,set_damage,autoRemove=true&add=-3
2032,on_before_this_damage,self,none,sourceEffect.ability[situation:attack]=0&sourceEffect.ability[situation:defense]=0,set_damage,set=0
2033,on_this_use,me_deck_10_random,none,none,discard,where=deck
2034,on_other_evolve,none,none,effect.source.where=5&sourceEffect.target.first.isMe=1,get_token,id=910081101&count=1
2035,on_this_use,self,none,none,buff,enhance=7&add=3/3
2036,on_this_use,none,none,none,get_token,enhance=7&id=910081101&count=2
2037,on_this_use,none,none,none,get_token,id=910081102&count=1
2038,on_this_use,me_hand_0_all_[id:910081101][type:1|9],none,none,buff,add=1/1
2039,on_this_use,me_hand_0_all_[id:910081101][type:1|9],none,none,set_keyword,keyword=2
2040,on_this_evolve_with_ep,me_deck_1_random_[type:1|9][trait:4],none,none,summon,where=deck
2041,on_summon,sourceEffect.target_field_0_all_[type:1|9][trait:4],none,me.isMyTurn=1&effect.source.where=5&sourceEffect.target.first.isMe=1&sourceEffect.target.first.current[IF][type:1|9][trait:4]=1,destroy,appendix=2042
2042,on_summon,op_field_1_random_[type:1|9],none,none,damage,damage=sourceEffect.target.first.current.atk
2043,on_this_use,all_field_0_all_[type:1|9],none,none,remove_effect,timing=all
2044,on_other_use,none,none,me.isMyTurn=1&effect.source.where=5&sourceEffect.target.first.isMe=1&sourceEffect.target.first.current[IF][type:2]=0&sourceEffect.target.first.current.effect[on_this_use]=1,get_token,id=910081101&count=1
2045,on_other_destroy,none,none,me.isMyTurn=1&effect.source.where=5&sourceEffect.target.first.isMe=1&sourceEffect.target.first.current.effect[on_this_destroy]=1,get_token,id=910081101&count=1
2046,on_this_attack,self,none,none,debuff,add=-2/-0
2047,on_this_use,self,none,me.isReson=1,buff,add=2/0
2048,on_this_use,none,none,me.isReson=0,draw,count=1
2049,on_this_use,none,none,none,get_token,appendix=2050&id=910081101&count=1
2050,on_this_use,sourceEffect.target_hand_0_all,none,none,add_effect,id=2051&keyword=7&description=[ffbb00]入場曲[-] 給予1個敵方的從者1點傷害
2051,on_this_use,op_field_1_index_[type:1|9],none,none,damage,damage=1
2052,on_this_use,me_hand_1_index_[type:1][id:910081101],none,none,add_effect,id=2053&keyword=7&description=[ffbb00]入場曲[-] 使這個從者進化
2053,on_this_use,self,none,none,evolve,none
2054,on_other_summon,sourceEffect.target_field_0_all_[type:1|9][trait:4],none,effect.source.where=5&sourceEffect.target.first.isMe=1&sourceEffect.target.first.current[IF][type:1|9][trait:4]=1,buff,appendix=2055&add=1/1
2055,on_other_summon,sourceEffect.target_field_0_all_[type:1|9][trait:4],none,none,set_keyword,keyword=25
2056,on_this_evolve_with_ep,none,none,none,get_token,id=910081103&count=1
2057,on_this_use,op_field_0_all_[type:1|9],none,none,set_buff,atk=1&hp=1
2058,on_other_use,none,none,me.isMyTurn=1&me.isReson=0&effect.source.where=5&sourceEffect.target.first.isMe=1&sourceEffect.target.first.current[IF][type:2]=0&sourceEffect.target.first.current.effect[on_this_use]=1,draw,count=1
2059,on_other_destroy,none,none,me.isMyTurn=1&me.isReson=0&effect.source.where=5&sourceEffect.target.first.isMe=1&sourceEffect.target.first.current.effect[on_this_destroy]=1,draw,count=1
2060,on_this_use,none,none,none,get_token,id=910081101&count=1
2061,on_this_evolve_with_ep,none,none,none,get_token,id=910284201&count=1
2062,on_this_use,me_hand_1_index_[type:1|9][craft:8],none,none,reveal,appendix=2063
2063,on_this_use,self,none,none,set_value,id=effect.source.option[tmpUid]&value=sourceEffect.target.first.current.baseUid
2064,on_this_use,me_hand_1_index_[id:910081101],none,none,transform,id=effect.source.option[tmpUid]
2065,on_this_use,none,none,none,random,pdf=1/1/1&effect=2066/2067/2068
2066,on_this_use,self,none,none,set_keyword,keyword=1
2067,on_this_use,self,none,none,set_keyword,keyword=3
2068,on_this_use,self,none,none,set_keyword,keyword=6
2069,on_this_use,self,none,me.isReson=0,evolve,none
2070,on_this_destroy,none,none,none,get_token,appendix=2071&id=910081101&count=1
2071,on_this_destroy,sourceEffect.target_hand_0_all_[type:1|9],none,none,buff,add=1/1
2072,on_other_summon,sourceEffect.target_field_0_all_[id:910081101],none,me.isMyTurn=1&effect.source.where=5&sourceEffect.target.first.isMe=1&sourceEffect.target.first.current[IF][id:910081101]=1,transform,autoRemove=true&id=110284102
2073,on_this_use,self,none,me.field[id:910051103].count>0,set_keyword,keyword=1
2074,on_this_use,self,none,me.field[id:910051102].count>0,buff,add=1/1
2075,on_this_use,self,none,me.field[id:910051101].count>0,set_keyword,keyword=3
2076,on_other_destroy,none,none,effect.source.where=5&sourceEffect.target.first.isOp=1,set_grave,add=1
2077,on_this_use,me_hand_1_index+other_[type:1|9],none,me.field.availableCount[GTE]2,bury,appendix=2078
2078,on_this_use,op_field_1_random_[type:1|9],none,none,damage,damage=5
2079,on_this_use,me_field_1_index_[type:1|9][excludeGroup:1],none,necromance[5]=0,random,pdf=1/1/1&effect=2081/2082/2083&count=1
2080,on_this_use,me_field_1_index_[type:1|9][excludeGroup:1],none,necromance[5]=1,random,necromance=5&pdf=1/1/1&effect=2081/2082/2083&count=2
2081,on_this_use,sourceEffect.target_field_0_all_[type:1|9][excludeGroup:1],none,none,set_keyword,keyword=1
2082,on_this_use,sourceEffect.target_field_0_all_[type:1|9][excludeGroup:1],none,none,set_keyword,keyword=3
2083,on_this_use,sourceEffect.target_field_0_all_[type:1|9][excludeGroup:1],none,none,set_keyword,keyword=6
2084,on_this_use,none,none,none,summon,id=910051102&count=1
2085,on_other_storm_add,me_field_1_random_[type:1|9][id:910051102],none,effect.source.where=5&sourceEffect.target.first.isMe=1&sourceEffect.target.first.current[IF][type:1|9][excludeId:910051102]=1,set_keyword,keyword=1
2086,on_other_ward_add,me_field_1_random_[type:1|9][id:910051102],none,effect.source.where=5&sourceEffect.target.first.isMe=1&sourceEffect.target.first.current[IF][type:1|9][excludeId:910051102]=1,set_keyword,keyword=2
2087,on_other_bane_add,me_field_1_random_[type:1|9][id:910051102],none,effect.source.where=5&sourceEffect.target.first.isMe=1&sourceEffect.target.first.current[IF][type:1|9][excludeId:910051102]=1,set_keyword,keyword=3
2088,on_other_rush_add,me_field_1_random_[type:1|9][id:910051102],none,effect.source.where=5&sourceEffect.target.first.isMe=1&sourceEffect.target.first.current[IF][type:1|9][excludeId:910051102]=1,set_keyword,keyword=4
2089,on_other_ambush_add,me_field_1_random_[type:1|9][id:910051102],none,effect.source.where=5&sourceEffect.target.first.isMe=1&sourceEffect.target.first.current[IF][type:1|9][excludeId:910051102]=1,set_keyword,keyword=5
2090,on_other_drain_add,me_field_1_random_[type:1|9][id:910051102],none,effect.source.where=5&sourceEffect.target.first.isMe=1&sourceEffect.target.first.current[IF][type:1|9][excludeId:910051102]=1,set_keyword,keyword=6
2091,on_this_use,me_field_1_index_[type:1|9],none,none,buff,add=[FOR]{KEYWORD:1~6}{+}effect.target.first.current[IF][keyword:KEYWORD]/[FOR]{KEYWORD:1~6}{+}effect.target.first.current[IF][keyword:KEYWORD]
2092,on_this_use,none,none,necromance[4]=1,reanimate,necromance=4&cost=3
2093,on_this_use,none,lastOpTurn.leader.turn_destroyedFollowerCount/lastOpTurn.op.leader.turn_destroyedFollowerCount,none,summon,id=910051101&count=lastOpTurn.me.leader.turn_destroyedFollowerCount+lastOpTurn.op.leader.turn_destroyedFollowerCount
2094,on_this_use,me_field_1_index_[type:1|9],none,none,destroy,appendix=2095
2095,on_this_use,op_field_0_all_[type:1|9],none,none,damage,damage=[FOR]{KEYWORD:1~6}{+}sourceEffect.target.first.current[IF][keyword:KEYWORD]
2096,on_this_use,me_field_2_index_[type:1|9],none,me.field[type:1|9].count[GTE]2,none,appendix=2097
2097,on_this_use,sourceEffect.target_field_1_at_[type:1|9],none,none,destroy,appendix=2098/2099/2100/2101/2102/2103
2098,on_this_use,sourceEffect[2].target_none_2_at_[type:1|9],none,sourceEffect.target.first.current[IF][keyword:1]=1,set_keyword,keyword=1
2099,on_this_use,sourceEffect[2].target_none_2_at_[type:1|9],none,sourceEffect.target.first.current[IF][keyword:2]=1,set_keyword,keyword=2
2100,on_this_use,sourceEffect[2].target_none_2_at_[type:1|9],none,sourceEffect.target.first.current[IF][keyword:3]=1,set_keyword,keyword=3
2101,on_this_use,sourceEffect[2].target_none_2_at_[type:1|9],none,sourceEffect.target.first.current[IF][keyword:4]=1,set_keyword,keyword=4
2102,on_this_use,sourceEffect[2].target_none_2_at_[type:1|9],none,sourceEffect.target.first.current[IF][keyword:5]=1,set_keyword,keyword=5
2103,on_this_use,sourceEffect[2].target_none_2_at_[type:1|9],none,sourceEffect.target.first.current[IF][keyword:6]=1,set_keyword,keyword=6
2104,on_this_evolve_with_ep,all_field_0_all+other_[type:1|9],none,none,destroy,appendix=2105/2106
2105,on_this_evolve_with_ep,sourceEffect.me_grave_0_all_[type:1|9],none,none,summon,where=target
2106,on_this_evolve_with_ep,sourceEffect.op_grave_0_all_[type:1|9],none,none,summon,where=target&field=op
2107,on_other_destroy,self,none,effect.source.where=2&sourceEffect.target.first.isMe=1&sourceEffect.target.first.current[IF][type:1|9]=1,set_cost,add=-1
2108,on_turn_end,me_field_1_random_[type:1][excludeGroup:1],none,me.isMyTurn=1&effect.source.where=5,evolve,none
2109,on_this_use,me_field_1_index_[type:1][excludeGroup:1],none,none,evolve,none
2110,on_this_destroy,me_leader_0_all_[type:0],none,none,add_effect,id=2111&description=每當特殊卡從者進入自己的戰場時，由[ffbb00]疾馳[-]、[ffbb00]守護[-]、[ffbb00]必殺[-]、[ffbb00]突進[-]、[ffbb00]潛行[-]、[ffbb00]吸血[-]之中，隨機獲得1種效果
2111,on_other_summon,sourceEffect.target_field_0_all_[type:1|9][excludeGroup:1],none,sourceEffect.target.first.isMe=1&sourceEffect.target.first.current[IF][type:1|9][excludeGroup:1]=1,set_keyword,keyword=random[1~6]
2112,on_this_use,me_hand_1_index+other_[type:1|9],none,me.field.availableCount[GTE]2,bury,appendix=2113
2113,on_this_use,me_leader_0_all_[type:0],none,none,set_ep,add=1
2114,on_this_evolve_with_ep,op_field_1_index_[type:1|9],none,none,destroy,appendix=2115
2115,on_this_evolve_with_ep,none,none,necromance[6]=1,reanimate,necromance=6&cost=sourceEffect.target.first.current.cost
2116,on_this_destroy,none,none,none,get_token,id=110032201&count=1
2117,on_this_use,me_hand_1_index+other_[type:2],none,none,add_effect,id=2118&description=給予敵方的主戰者3點傷害。
2118,on_this_use,op_leader_0_all_[type:0],none,none,damage,damage=3
2119,on_this_use,none,none,none,get_token,id=910031301&count=1
2120,on_this_evolve_with_ep,me_hand_1_index,none,none,discard,none
2121,on_this_evolve_with_ep,none,none,none,summon,id=110031301&count=1
2122,on_this_use,me_field_2_index_[type:1|9],none,none,none,appendix=2123
2123,on_this_use,sourceEffect.target_none_2_at_[type:1|9],none,none,set_buff,atk=sourceEffect.target.first.current.atk&hp=sourceEffect.target.first.current.hp
2124,on_other_destroy,self,none,effect.source.where=5&sourceEffect.target.first.isMe=1&sourceEffect.target.first.current[IF][type:1|9][trait:5]=1,buff,add=1/1
2125,on_this_use,self,none,none,buff,enhance=6&add=3/3
2126,on_this_use,me_field_1_index+other_[type:1|9][trait:5],none,enhance[6]=1,set_keyword,enhance=6&keyword=1
2127,on_this_use,me_hand_1_index+other_[type:2],none,none,add_effect,id=2128&description=給予敵方的從者全體2點傷害。
2128,on_this_use,op_field_0_all_[type:1|9],none,none,damage,damage=2
2129,on_this_use,me_field_1_index_[type:1|9],none,none,set_keyword,keyword=unique[1~6]
2130,on_this_use,none,none,enhance[6]=0,draw,count=1
2131,on_this_use,op_field_1_index_[type:1|9],none,none,damage,damage=3
2132,on_this_use,none,none,enhance[6]=1,draw,enhance=6&count=3
2133,on_this_use,none,none,none,get_token,id=110031202&count=1
2134,on_this_evolve_with_ep,me_hand_1_index+other_[type:2],none,none,add_effect,id=2135&description=抽取1張卡片。
2135,on_this_use,none,none,none,draw,count=1
2136,on_this_use,me_deck_0_all,none,none,discard,where=deck&type=vanish&hide=true
2137,on_this_use,me_token_1_index,none,earth[1]=1,choose,earth=1&appendix=2138&token=910233301/910233302/910233303
2138,on_this_use,sourceEffect.target_none_0_all,none,none,summon,where=target
2139,on_this_use,op_field_1_index_[type:1|9],none,none,damage,appendix=2140&damage=3
2140,on_this_use,op_field_1_index_[type:1|9],none,earth[1]=1,damage,earth=1&damage=3
2141,on_this_destroy,none,none,none,summon,id=910234301&count=2
2142,on_this_use,me_hand_3_index+other_[type:2],none,none,none,appendix=2163/2164/2165
2143,on_this_use,sourceEffect.target_none_1_first_[type:2],none,none,add_effect,id=2148&description=召喚1個[ffbb00]飛龍[-]到戰場上。
2144,on_this_use,sourceEffect.target_none_1_first_[type:2],none,none,add_effect,id=2149&description=隨機給予1個自己的從者+2/+2效果。
2145,on_this_use,sourceEffect.target_none_1_first_[type:2],none,none,add_effect,id=2150&description=回復自己的主戰者3點生命值。
2146,on_this_use,sourceEffect.target_none_1_first_[type:2],none,none,add_effect,id=2151&description=隨機破壞1個敵方戰場上的從者。
2147,on_this_use,sourceEffect.target_none_1_first_[type:2],none,none,add_effect,id=2152&description=回復自己的EP 1點。
2148,on_this_use,none,none,none,summon,id=910041103&count=1
2149,on_this_use,me_field_1_random_[type:1|9],none,none,buff,add=2/2
2150,on_this_use,me_leader_0_all_[type:0],none,none,heal,heal=3
2151,on_this_use,op_field_1_random_[type:1|9],none,none,destroy,none
2152,on_this_use,me_leader_0_all_[type:0],none,none,set_ep,add=1
2153,on_this_use,none,source.boost,none,travel,appendix=2154&ability=add_deck&filter=[zone:1]&count=1+effect.source.boost
2154,on_this_use,me_deck_0_all,none,none,set_cost,add=-5
2155,on_this_destroy,op_field_1_random_[type:1|9],none,none,damage,damage=5
2156,on_turn_end,self,none,op.isMyTurn=1&effect.source.where=5,destroy,none
2157,on_this_destroy,op_leader_0_all_[type:0],none,none,damage,damage=2
2158,on_other_use,self,none,op.isMyTurn=1&effect.source.where=5&sourceEffect.target.first.isOp=1&sourceEffect.target.first.current[IF][type:1|9]=1,destroy,none
2159,on_this_destroy,op_field_1_random_[type:1|9],none,none,return,none
2160,on_this_destroy,none,none,none,summon,id=910231101&count=1
2161,on_this_destroy,me_leader_0_all_[type:0],none,none,heal,heal=2
2162,on_this_destroy,none,none,none,draw,count=2
2163,on_this_use,sourceEffect.target_none_1_at_[type:2],none,none,random,pdf=1/1/1/1/1&effect=2143/2144/2145/2146/2147&count=2
2164,on_this_use,sourceEffect.target_none_2_at_[type:2],none,none,random,pdf=1/1/1/1/1&effect=2143/2144/2145/2146/2147&count=2
2165,on_this_use,sourceEffect.target_none_3_at_[type:2],none,none,random,pdf=1/1/1/1/1&effect=2143/2144/2145/2146/2147&count=2
2166,on_other_evolve,sourceEffect.target_field_0_all_[type:1|9],none,me.isMyTurn=1&effect.source.where=5&sourceEffect.target.first.isMe=1&sourceEffect.target.first.current[IF][type:1|9]=1,set_keyword,keyword=25
2167,on_this_use,self,none,enhance[7]=1,buff,enhance=7&add=4/4
2168,on_this_use,self,none,enhance[7]=1,set_keyword,enhance=7&keyword=25
2169,on_heal,me_field_1_random_[type:1|9],none,effect.source.where=5&sourceEffect.target.me.count>0,buff,appendix=2170&add=1/1
2170,on_heal,sourceEffect.target_field_0_all_[type:1|9],none,none,set_keyword,keyword=4
2171,on_this_use,me_leader_0_all_[type:0],none,none,heal,heal=2
2172,on_this_use,me_field_1_index_[type:3][keyword:18],none,none,set_countdown,add=-1
2173,on_this_use,none,none,enhance[3]=1,get_token,enhance=3&id=110271201&count=1
2174,on_turn_end,me_field_1_first+sort[cost:max]_[excludeId:910271101],none,me.isMyTurn=1&effect.source.where=5,none,appendix=2175&autoRemove=true
2175,on_turn_end,self,none,none,set_buff,atk=sourceEffect.target.first.current.cost&hp=sourceEffect.target.first.current.cost
2176,on_sub_countdown,self,none,effect.source.where=5&sourceEffect.target.me.count>0,destroy,none
2177,on_this_destroy,none,none,none,summon,id=910271101&count=1
2178,on_this_use,self,none,none,buff,add=0/me.field[type:1|9][keyword:1|4].count-effect.source.current[IF][type:1|9][keyword:1|4]
2179,on_this_use,self,leader.turn_heal_times,me.leader.turn_heal_times>0,set_value,id=effect.target.all.base.evolveCost&value=0
2180,on_turn_end,self,none,me.isMyTurn=1&effect.source.where=5,heal,heal=effect.target.first.current.hpMax-effect.target.first.current.hp
2181,on_this_use,me_field_1_index_[type:3][keyword:18],none,none,set_countdown,add=-1
2182,on_this_use,none,none,none,summon,id=910271101&count=1
2183,on_turn_end,self,none,me.isMyTurn=1&effect.source.where=5&me.field[type:1|9].count=0,set_countdown,add=-1
2184,on_this_destroy,none,none,none,summon,id=910071109&count=1
2185,on_this_destroy,none,none,none,summon,id=910071103&count=1
2186,on_this_use,none,leader.turn_heal_times,me.leader.turn_heal_times>0,summon,id=910071301&count=1
2187,on_this_evolve_with_ep,me_field_1_index_[type:3][keyword:18],none,none,add_effect,id=2188&description=自己的回合開始時，回復自己的主戰者1點生命值。
2188,on_turn_start,me_leader_0_all_[type:0],none,me.isMyTurn=1&effect.source.where=5,heal,heal=1
2189,on_after_this_defense,self,none,effect.source.where=5&effect.source.current[IF][hp:0]=0,heal,heal=effect.target.first.current.hpMax-effect.target.first.current.hp
2190,on_destroy,self,none,effect.source.where=2&sourceEffect.target.first.isMe=1&sourceEffect.target.first.current[IF][type:3]=1,set_cost,add=-1
2191,on_this_use,me_field_1_index_[type:1|9],none,none,set_keyword,appendix=2192&keyword=25
2192,on_this_use,sourceEffect.target_field_0_all_[type:1|9],none,none,set_keyword,keyword=22
2193,on_this_use,none,none,none,summon,id=910274301&count=1
2194,on_this_evolve_with_ep,me_field_1_index_[type:3][keyword:18],none,none,set_countdown,add=-1
2195,on_this_use,op_field_1_index_[type:1|9],none,none,vanish,appendix=2196
2196,on_this_use,sourceEffect.target_grave_0_all_[type:1|9],none,none,summon,where=target
2197,on_this_sub_countdown,self,none,effect.source.current[IF][countdown:0]=1,set_value,id=effect.source.option[tmpSubToZero]&value=1
2198,on_this_destroy,none,none,none,summon,id=910274302&count=1
2199,on_this_destroy,me_field_1_random_[type:1|9],none,effect.source.option[tmpSubToZero]=1,set_keyword,keyword=25
2200,on_this_destroy,none,none,none,summon,id=910274303&count=1
2201,on_this_destroy,me_field_1_random_[type:1|9],none,effect.source.option[tmpSubToZero]=1,set_keyword,keyword=22
2202,on_this_destroy,none,none,none,summon,appendix=2203&id=910274101&count=1
2203,on_this_destroy,sourceEffect.target_field_0_all_[type:1|9],none,effect.source.option[tmpSubToZero]=1,evolve,none
2204,on_this_destroy,none,none,none,add_deck,id=910261101&count=1
2205,on_this_use,op_leader+field_1_random_[type:0|1|9],none,none,damage,damage=3
2206,on_turn_end,op_leader+field_1_random_[type:0|1|9],none,me.isMyTurn=1&effect.source.where=5,damage,damage=3
2207,on_this_use,op_field_1_random_[type:1|9],none,none,destroy,none
2208,on_this_use,op_leader_0_all_[type:0],none,op.field[type:1|9].count=0,damage,damage=5
2209,on_this_add_hand,self,none,none,reveal,appendix=2210
2210,on_this_add_hand,self,none,none,discard,type=vanish
2211,on_this_leave_hand,me_leader_0_all_[type:0],none,none,heal,heal=1
2212,on_this_leave_hand,none,none,none,add_deck,id=110261202&count=1
2213,on_this_use,self,leader.abuse,none,buff,add=0/me.leader.abuse
2214,on_this_attack,self,leader.turn_give_op_leader_damage,effect.source.where=5&me.isChase=1,buff,add=2/0
2215,on_this_use,me_leader_0_all_[type:0],none,none,damage,damage=3
2216,on_this_use,me_leader_0_all_[type:0],none,none,add_effect,until=turn_end&id=2217&description=受到的傷害皆轉變為0
2217,on_before_this_damage,self,none,none,set_damage,set=0
2218,on_this_use,none,none,none,add_deck,id=910261101&count=2
2219,on_turn_start,none,none,me.isMyTurn=1&effect.source.where=5,random,pdf=2/1&effect=2220/2221
2220,on_turn_start,none,none,none,draw,count=1
2221,on_turn_start,none,none,none,draw,count=1&filter=[id:910261101]
2222,on_leave_hand,sourceEffect.target_none_0_all_[excludeId:110263101],none,effect.source.where=5&sourceEffect.target.first.isMe=1&sourceEffect.target.me[excludeId:110263101].count>0,add_deck,none
2223,on_turn_end,none,none,me.isMyTurn=1&effect.source.where=5,draw,count=1
2224,on_this_attack,none,none,none,get_token,id=110161201&count=1
2225,on_this_attack,self,leader.turn_give_op_leader_damage,me.isChase=1,set_keyword,keyword=3
2226,on_this_attack,self,leader.turn_give_op_leader_damage,me.isChase=1,set_keyword,keyword=6
2227,on_this_use,me_leader_0_all_[type:0],none,none,heal,heal=4
2228,on_this_use,me_leader_0_all_[type:0],leader.turn_draw_cards,me.isEager=0,add_effect,id=2229&description=[ffbb00]超載[-] 2
2229,on_turn_start,me_leader_0_all_[type:0],none,me.isMyTurn=1,set_pp,autoRemove=true&add=-2
2230,on_this_use,me_hand_0_all,none,none,discard,appendix=2231&type=vanish
2231,on_this_use,none,none,none,add_deck,id=910261101&count=sourceEffect.target.count
2232,on_this_use,none,none,none,summon,id=910264301&count=1
2233,resident,self,leader.abuse,me.leader.abuse[GTE]15&effect.source.where=2,set_cost,set=3
2234,on_this_use,self,none,me.isVenge=1,set_keyword,keyword=4
2235,on_this_use,all_field_0_all+other_[type:1|9],leader.abuse,me.leader.abuse[GTE]9,damage,damage=3
2236,on_this_draw,self,none,none,reveal,none
2237,on_this_draw,none,none,none,summon,id=910261101&count=1
2238,on_this_draw,self,none,none,discard,type=vanish
2239,on_this_summon,none,none,none,random,pdf=1/1/1/1&effect=2240/2241/2242/2244
2240,on_this_use,op_leader_0_all_[type:0],none,none,damage,damage=2
2241,on_this_use,op_field_0_all_[type:1|9],none,none,damage,damage=2
2242,on_this_use,self,none,none,buff,appendix=2243&add=2/0
2243,on_this_use,self,none,none,set_keyword,keyword=6
2244,on_this_use,none,none,none,draw,count=2
2245,on_turn_start,none,none,me.deck.count>20&me.isMyTurn=1&effect.source.where=5,draw,count=1
2246,on_turn_start,none,none,me.deck.count[LTE]20&me.deck.count>10&me.isMyTurn=1&effect.source.where=5,draw,count=2
2247,on_turn_start,none,none,me.deck.count[LTE]10&me.isMyTurn=1&effect.source.where=5,draw,count=4
2248,on_this_use,me_field_0_all_[type:1|9],none,me.isAwake=1,add_effect,until=op_turn_end&id=2249&description=因能力所受到的傷害-2
2249,on_before_this_damage,self,none,sourceEffect.ability[situation:attack]=0&sourceEffect.ability[situation:defense]=0,set_damage,add=-2
2250,on_turn_end,none,none,me.isMyTurn=1&effect.source.where=5&me.isAwake=1,summon,id=910041102&count=1
2251,on_this_use,op_field_1_index_[type:1|9],none,none,damage,damage=3
2252,on_this_use,me_hand_1_index+other,none,me.isAwake=1,set_cost,until=turn_end&add=-1
2253,on_this_use,none,none,none,random,pdf=1/1/1&effect=2255/2256/2257&count=1+me.isAwake
2254,on_this_destroy,none,none,none,summon,id=910041102&count=1
2255,on_this_use,none,none,none,draw,count=1
2256,on_this_use,none,none,none,get_token,id=910041102&count=1
2257,on_this_use,me_leader_0_all_[type:0],none,none,heal,heal=2
2258,on_this_use,self,none,me.isAwake=1,set_keyword,keyword=1
2259,on_this_use,none,none,none,summon,field=op&id=910241101&count=1
2260,on_this_use,none,none,none,draw,appendix=2261&count=2
2261,on_this_use,sourceEffect.target_hand_0_all_[type:1|9][craft:4],none,none,buff,add=1/0
2262,on_this_use,all_field_0_all_[type:1|9],none,none,damage,damage=me.hand[type:1|9][atk:5|ABOVE].count
2263,on_before_this_damage,self,none,sourceEffect.ability[situation:attack]=0&sourceEffect.ability[situation:defense]=0,set_damage,add=-2
2264,on_this_use,none,none,none,summon,enhance=6&id=910243101&count=1
2265,on_other_summon,sourceEffect.target_field_0_all_[type:1|9],none,effect.source.where=5&sourceEffect.target.first.isMe=1,set_keyword,keyword=4
2266,on_this_use,me_field_0_all+other_[type:1|9],none,none,set_keyword,keyword=4
2267,on_this_use,me_hand_0_all_[type:1|9][craft:4],none,me.isAwake=1,buff,add=0/2
2268,on_turn_end,me_field_1_first+sort[hp:max]_[type:1|9][craft:4],none,me.isMyTurn=1&effect.source.where=5,buff,appendix=2269&add=0/2
2269,on_turn_end,self,none,none,set_value,appendix=2270&id=effect.source.option[tmpHp]&value=sourceEffect.target.first.current.hp
2270,on_turn_end,me_hand_1_random_[type:1|9][craft:4],none,effect.source.option[tmpHp][GTE]7,buff,appendix=2271&add=0/2
2271,on_turn_end,sourceEffect[3].target_field_0_all_[type:1|9],none,effect.source.option[tmpHp][GTE]14,set_keyword,keyword=25
2272,on_this_use,me_hand_1_index+other_[type:1|9][craft:4],none,none,buff,add=1/0
2273,on_this_use,none,none,none,draw,count=1
2274,on_this_use,me_hand_1_index+other_[type:1|9][craft:4],none,none,buff,appendix=2275&add=2/0
2275,on_this_use,sourceEffect.target_hand_0_all_[type:1|9],none,none,set_keyword,keyword=4
2276,on_this_use,me_hand_1_index+other_[type:1|9][craft:4],none,none,set_value,appendix=2277&id=effect.source.option[tmpAtk]&value=effect.target.first.current.atk
2277,on_this_use,sourceEffect.target_hand_0_all_[type:1|9],none,none,debuff,appendix=2278&add=-effect.source.option[tmpAtk]/-0
2278,on_this_use,sourceEffect[2].target_hand_0_all_[type:1|9],none,none,set_cost,appendix=2279&add=-effect.source.option[tmpAtk]
2279,on_this_use,op_field_1_random_[type:1|9],none,none,damage,damage=effect.source.option[tmpAtk]
2280,on_this_use,me_token_1_index,none,none,choose,appendix=2281&token=910244201/910244202/910244203&count=1
2281,on_this_use,sourceEffect.target_none_0_all,none,none,get_token,hide=true
2282,on_this_evolve_with_ep,me_hand_0_all_[id:910244201|910244202|910244203],none,none,set_cost,add=-1
2283,on_before_this_damage,self,none,none,set_damage,set=[num][MIN]4
2284,on_this_damage,me_hand_1_random_[cost:1|ABOVE],none,effect.source.where=5&effect.source.current[IF][hp:0]=0,set_cost,add=-effect.ability[lastDamage]